gene,t_stat,p_value,fdr,cohens_d,mean_ad,mean_control,abs_t_stat,abs_effect_size,mi_score,xgb_gain,elastic_net_coef,mrmr_score,stability_freq,vote_score,vote_count,quality_score
ITPKB,23.560602677193,1.9004483855482868e-88,1.896837533615745e-84,1.76087069466277,0.5193538165420296,-0.8179370211742112,23.560602677193,1.76087069466277,0.2706068698378503,22.718395233154297,0.1631594014587496,0.2706068698378503,1.0,0.9293458829816387,7,0.9682056461210483
NRN1,-22.8847562066388,1.1543257370846468e-86,5.76066259092093e-83,-1.654403484888652,-0.5005799650770014,0.788369840469703,22.8847562066388,1.654403484888652,0.25629573414086093,30.051645278930664,0.0,0.0,0.82,0.5403629206341358,4,0.7753336590834045
PPP1R7,-20.60358088482478,4.664447581305134e-72,4.655585130900653e-69,-1.5522478410483205,-0.4811710280872067,0.7578024553847297,20.60358088482478,1.5522478410483205,0.24204620062010918,94.23357391357422,0.0,0.0,0.94,0.5883307911023596,5,0.7659520244342991
NEUROD6,-20.734461978999864,4.547968773332832e-72,4.655585130900653e-69,-1.581933300412283,-0.4869568451255363,0.7669146132290668,20.734461978999864,1.581933300412283,0.2484155893753095,148.83575439453125,0.0,-0.3635121777687986,0.7,0.5715235585500694,5,0.7628714659294871
PPEF1,-20.893716418466457,3.094925956375242e-72,4.287580382068653e-69,-1.6122995063983234,-0.4927508199653614,0.7760396189001544,20.893716418466457,1.6122995063983234,0.2294054282985165,63.457088470458984,0.0,0.0,0.8,0.5391150236874123,4,0.7530884948596863
DUSP4,-16.99084126092167,1.4401863546843285e-50,4.9227739746932475e-49,-1.3887078825432386,-0.447053224852225,0.7040698872237156,16.99084126092167,1.3887078825432386,0.22219829161250693,10.028419494628906,0.027033979892871613,-0.2501890721289269,0.96,0.6311703070011885,6,0.7359872763884547
GFAP,19.53392905621797,3.030171842450664e-65,8.641184331285737e-63,1.5089492829561035,0.47251213840899564,-0.7441654584002373,19.53392905621797,1.5089492829561035,0.21391976446001082,4.681533336639404,0.2404532660575315,-0.33223526851340435,1.0,0.5511772093762165,5,0.7352350509598078
SST,-20.58541463091549,1.5625451581819816e-71,1.299646935317863e-68,-1.5636108220010534,-0.4834000626156001,0.7613129906001794,20.58541463091549,1.5636108220010534,0.21498472546655023,10.029962539672852,0.0,-0.37113420994092783,0.94,0.48582345868392446,6,0.7209601254562088
MAFF,18.163866430365882,2.3924522201890463e-59,2.5135858536533548e-57,1.3667517263638977,0.44217357216288933,-0.696384859294861,18.163866430365882,1.3667517263638977,0.19325764413553204,24.13874053955078,0.07028306796762832,-0.3233692356843636,1.0,0.5572154827359495,6,0.7101713355607907
ZFP36L1,20.519577382465396,9.486707531990327e-72,8.60789344334504e-69,1.5417370142026279,0.47909320448412746,-0.7545300642049674,20.519577382465396,1.5417370142026279,0.2184692872367049,10.134570121765137,0.0,0.0,0.84,0.4682064674484567,4,0.7099891727590378
CD200,-20.165426179161837,3.2834887317703595e-72,4.287580382068653e-69,-1.4112659829167784,-0.4519913555154332,0.7118470128675067,20.165426179161837,1.4112659829167784,0.2270084678098494,2.70688533782959,0.0,0.0,1.0,0.4832323272166387,4,0.6989255872613677
NRXN3,-20.58953794442547,9.891797311691862e-75,2.4682507241999118e-71,-1.4245972522185295,-0.4548740774049367,0.7163870487352983,20.58953794442547,1.4245972522185295,0.21996505720965454,0.0,0.0,0.0,0.98,0.4540344622490756,4,0.6909008934633486
CA10,-19.901985223713215,7.804505222339783e-69,3.7093698392463516e-66,-1.4834354182279332,-0.46728563051189037,0.7359341637330117,19.901985223713215,1.4834354182279332,0.24072263426396612,3.635524272918701,0.0,0.0,1.0,0.44190265553301644,4,0.6862879683098546
MLLT11,-20.21814806457118,1.2852727653008671e-72,2.5656614940935913e-69,-1.400414453490151,-0.44962535942012266,0.7081207751146186,20.21814806457118,1.400414453490151,0.21599267372633335,15.138352394104004,0.0,0.0,0.8,0.44723978731232633,4,0.6819439684672574
SLC35B1,-18.91502644078025,5.459933014332987e-65,1.4340945109488827e-62,-1.344299223895752,-0.4371081605065741,0.6884072771741141,18.91502644078025,1.344299223895752,0.1913442729246373,13.442615509033203,0.0,-0.32147360492351695,1.0,0.4797907157423189,5,0.6791564387219344
SAFB2,18.135813651193935,8.87809143565203e-59,8.853044178699372e-57,1.3807190838584398,0.44528615444403485,-0.7012869052568035,18.135813651193935,1.3807190838584398,0.19354193506852946,10.853266716003418,0.06806233186931439,-0.2989164449676117,0.92,0.4774531432560294,6,0.6756265647306904
MAST3,-16.975051973474912,7.884361991009263e-54,4.056382321250694e-52,-1.251631892114045,-0.4153809045097759,0.6541887415972782,16.975051973474912,1.251631892114045,0.21215001435209668,36.161216735839844,0.0,-0.30049655014660703,0.98,0.5156108438631718,5,0.6682823719425898
EGR1,-17.994972836240986,3.662961971130269e-58,3.293695804851461e-56,-1.3662790860241634,-0.4420677302369349,0.6962181674811682,17.994972836240986,1.3662790860241634,0.20253388968627561,2.4423654079437256,0.07686754495382978,-0.2756335076912664,1.0,0.4566447115479945,6,0.6634271109308884
CRYM,-20.290697061328057,3.436593833939407e-72,4.287580382068653e-69,-1.4642234605522688,-0.463288376873089,0.729638837444728,20.290697061328057,1.4642234605522688,0.2126192811848382,0.6716518402099609,0.0,0.0,0.98,0.3720602084310124,4,0.6559764461511313
KCNF1,-19.450725703908372,2.575749786788862e-66,8.29308342643214e-64,-1.4540053700747575,-0.4611406133048377,0.726256296912146,19.450725703908372,1.4540053700747575,0.2035635588431266,9.816388130187988,0.0,-0.3567469750796147,0.74,0.38844457799866977,5,0.6550585354630294
VGF,-16.97154228939765,3.694586355572705e-51,1.3409333241807698e-49,-1.3615424295253922,-0.44100514649565886,0.6945446906482147,16.97154228939765,1.3615424295253922,0.20945370681538567,4.00286340713501,0.13792853543217623,-0.21826546100374145,0.96,0.45196764537876316,5,0.6520967977032402
LANCL2,-18.205899144787363,1.1514902066407346e-59,1.3207923838446356e-57,-1.3659820179036768,-0.44200118822160955,0.6961133696033629,18.205899144787363,1.3659820179036768,0.23404688974316934,3.4672725200653076,0.0,-0.31073825414674827,0.94,0.42652704832943417,5,0.6516309215441576
NCALD,-20.11018143459895,2.197991445712563e-70,1.567010901404078e-67,-1.4836990543794653,-0.4673401127104727,0.7360199684499461,20.11018143459895,1.4836990543794653,0.2279226056433814,3.4841842651367188,0.0,0.0,0.64,0.354796036117158,3,0.648887258413929
KLF15,19.079797554406873,1.0777511248011954e-62,1.8546610304552985e-60,1.48195521896126,0.4669795517523623,-0.735452116348669,19.079797554406873,1.48195521896126,0.2104684251996407,16.636062622070312,0.0,-0.364701692531163,0.9,0.3643406318197231,5,0.6442375930769573
LSM4,-15.41121556223345,1.297977981357206e-44,2.4723508076195175e-43,-1.2070966227573277,-0.4044604470940629,0.6369899724268826,15.41121556223345,1.2070966227573277,0.17907482451648593,5.520547866821289,0.07607263873539534,-0.23023588346836077,1.0,0.4951301423617905,5,0.6407327206991432
PRKCZ,-17.435696196011836,8.153160931939881e-57,5.8126213758351395e-55,-1.2517133781682122,-0.4154005983138557,0.6542197576232182,17.435696196011836,1.2517133781682122,0.22921895081082044,3.7830193042755127,0.0,-0.24529638566700468,1.0,0.4456383822108046,4,0.6407143117516608
PTPRN2,-19.868918596291664,3.4328278809632365e-70,2.141440942493379e-67,-1.4165404917392357,-0.4531350510863672,0.7136482337666846,19.868918596291664,1.4165404917392357,0.22218687851634833,0.0,0.0,0.0,0.66,0.35789558406590116,3,0.6406061545575584
CCKBR,-19.990327810548035,2.268870711191866e-69,1.1918736088634743e-66,-1.4877961446975707,-0.46818552116198153,0.7373514131192228,19.990327810548035,1.4877961446975707,0.21246496614140797,4.078770160675049,0.0,0.0,0.88,0.3231403969378959,3,0.6340901618969875
ATP5C1,-19.465811439686615,3.2029365107526186e-67,1.1840188634748845e-64,-1.4238331362456098,-0.4547095574721243,0.7161279441721277,19.465811439686615,1.4238331362456098,0.21300113386573183,0.0,0.0,0.0,1.0,0.33633133102692847,3,0.6283086657723508
AFF1,19.389874118646578,7.02445202722503e-64,1.5934330837212052e-61,1.5172077477460315,0.4741840322202535,-0.7467985455176094,19.389874118646578,1.5172077477460315,0.22001827030939247,3.8468432426452637,0.0,-0.3756065787841326,0.74,0.31206414620796197,4,0.6273493244496915
