sample_id,label,source_sample_id,dataset
GSE1297__GSM21203,positive,GSM21203,GSE1297
GSE1297__GSM21204,positive,GSM21204,GSE1297
GSE1297__GSM21205,positive,GSM21205,GSE1297
GSE1297__GSM21206,positive,GSM21206,GSE1297
GSE1297__GSM21207,positive,GSM21207,GSE1297
GSE1297__GSM21208,positive,GSM21208,GSE1297
GSE1297__GSM21209,positive,GSM21209,GSE1297
GSE1297__GSM21210,positive,GSM21210,GSE1297
GSE1297__GSM21211,positive,GSM21211,GSE1297
GSE1297__GSM21212,positive,GSM21212,GSE1297
GSE1297__GSM21213,positive,GSM21213,GSE1297
GSE1297__GSM21214,positive,GSM21214,GSE1297
GSE1297__GSM21215,control,GSM21215,GSE1297
GSE1297__GSM21216,positive,GSM21216,GSE1297
GSE1297__GSM21217,control,GSM21217,GSE1297
GSE1297__GSM21218,control,GSM21218,GSE1297
GSE1297__GSM21219,control,GSM21219,GSE1297
GSE1297__GSM21220,control,GSM21220,GSE1297
GSE1297__GSM21221,control,GSM21221,GSE1297
GSE1297__GSM21222,positive,GSM21222,GSE1297
GSE1297__GSM21223,positive,GSM21223,GSE1297
GSE1297__GSM21224,positive,GSM21224,GSE1297
GSE1297__GSM21225,positive,GSM21225,GSE1297
GSE1297__GSM21226,control,GSM21226,GSE1297
GSE1297__GSM21227,positive,GSM21227,GSE1297
GSE1297__GSM21228,positive,GSM21228,GSE1297
GSE1297__GSM21229,positive,GSM21229,GSE1297
GSE1297__GSM21230,positive,GSM21230,GSE1297
GSE1297__GSM21231,control,GSM21231,GSE1297
GSE1297__GSM21232,control,GSM21232,GSE1297
GSE1297__GSM21233,positive,GSM21233,GSE1297
GSE33000__GSM1423780,positive,GSM1423780,GSE33000
GSE33000__GSM1423781,positive,GSM1423781,GSE33000
GSE33000__GSM1423782,positive,GSM1423782,GSE33000
GSE33000__GSM1423783,positive,GSM1423783,GSE33000
GSE33000__GSM1423784,positive,GSM1423784,GSE33000
GSE33000__GSM1423785,positive,GSM1423785,GSE33000
GSE33000__GSM1423786,positive,GSM1423786,GSE33000
GSE33000__GSM1423787,positive,GSM1423787,GSE33000
GSE33000__GSM1423788,positive,GSM1423788,GSE33000
GSE33000__GSM1423789,positive,GSM1423789,GSE33000
GSE33000__GSM1423790,positive,GSM1423790,GSE33000
GSE33000__GSM1423791,positive,GSM1423791,GSE33000
GSE33000__GSM1423792,positive,GSM1423792,GSE33000
GSE33000__GSM1423793,positive,GSM1423793,GSE33000
GSE33000__GSM1423794,positive,GSM1423794,GSE33000
GSE33000__GSM1423795,positive,GSM1423795,GSE33000
GSE33000__GSM1423796,positive,GSM1423796,GSE33000
GSE33000__GSM1423797,positive,GSM1423797,GSE33000
GSE33000__GSM1423798,positive,GSM1423798,GSE33000
GSE33000__GSM1423799,positive,GSM1423799,GSE33000
GSE33000__GSM1423800,positive,GSM1423800,GSE33000
GSE33000__GSM1423801,positive,GSM1423801,GSE33000
GSE33000__GSM1423802,positive,GSM1423802,GSE33000
GSE33000__GSM1423803,positive,GSM1423803,GSE33000
GSE33000__GSM1423804,positive,GSM1423804,GSE33000
GSE33000__GSM1423805,positive,GSM1423805,GSE33000
GSE33000__GSM1423806,positive,GSM1423806,GSE33000
GSE33000__GSM1423807,positive,GSM1423807,GSE33000
GSE33000__GSM1423808,positive,GSM1423808,GSE33000
GSE33000__GSM1423809,positive,GSM1423809,GSE33000
GSE33000__GSM1423810,positive,GSM1423810,GSE33000
GSE33000__GSM1423811,positive,GSM1423811,GSE33000
GSE33000__GSM1423812,positive,GSM1423812,GSE33000
GSE33000__GSM1423813,positive,GSM1423813,GSE33000
GSE33000__GSM1423814,positive,GSM1423814,GSE33000
GSE33000__GSM1423815,positive,GSM1423815,GSE33000
GSE33000__GSM1423816,positive,GSM1423816,GSE33000
GSE33000__GSM1423817,positive,GSM1423817,GSE33000
GSE33000__GSM1423818,positive,GSM1423818,GSE33000
GSE33000__GSM1423819,positive,GSM1423819,GSE33000
GSE33000__GSM1423820,positive,GSM1423820,GSE33000
GSE33000__GSM1423821,positive,GSM1423821,GSE33000
GSE33000__GSM1423822,positive,GSM1423822,GSE33000
GSE33000__GSM1423823,positive,GSM1423823,GSE33000
GSE33000__GSM1423824,positive,GSM1423824,GSE33000
GSE33000__GSM1423825,positive,GSM1423825,GSE33000
GSE33000__GSM1423826,positive,GSM1423826,GSE33000
GSE33000__GSM1423827,positive,GSM1423827,GSE33000
GSE33000__GSM1423828,positive,GSM1423828,GSE33000
GSE33000__GSM1423829,positive,GSM1423829,GSE33000
GSE33000__GSM1423830,positive,GSM1423830,GSE33000
GSE33000__GSM1423831,positive,GSM1423831,GSE33000
GSE33000__GSM1423832,positive,GSM1423832,GSE33000
GSE33000__GSM1423833,positive,GSM1423833,GSE33000
GSE33000__GSM1423834,positive,GSM1423834,GSE33000
GSE33000__GSM1423835,positive,GSM1423835,GSE33000
GSE33000__GSM1423836,positive,GSM1423836,GSE33000
GSE33000__GSM1423837,positive,GSM1423837,GSE33000
GSE33000__GSM1423838,positive,GSM1423838,GSE33000
GSE33000__GSM1423839,positive,GSM1423839,GSE33000
GSE33000__GSM1423840,positive,GSM1423840,GSE33000
GSE33000__GSM1423841,positive,GSM1423841,GSE33000
GSE33000__GSM1423842,positive,GSM1423842,GSE33000
GSE33000__GSM1423843,positive,GSM1423843,GSE33000
GSE33000__GSM1423844,positive,GSM1423844,GSE33000
GSE33000__GSM1423845,positive,GSM1423845,GSE33000
GSE33000__GSM1423846,positive,GSM1423846,GSE33000
GSE33000__GSM1423847,positive,GSM1423847,GSE33000
GSE33000__GSM1423848,positive,GSM1423848,GSE33000
GSE33000__GSM1423849,positive,GSM1423849,GSE33000
GSE33000__GSM1423850,positive,GSM1423850,GSE33000
GSE33000__GSM1423851,positive,GSM1423851,GSE33000
GSE33000__GSM1423852,positive,GSM1423852,GSE33000
GSE33000__GSM1423853,positive,GSM1423853,GSE33000
GSE33000__GSM1423854,positive,GSM1423854,GSE33000
GSE33000__GSM1423855,positive,GSM1423855,GSE33000
GSE33000__GSM1423856,positive,GSM1423856,GSE33000
GSE33000__GSM1423857,positive,GSM1423857,GSE33000
GSE33000__GSM1423858,positive,GSM1423858,GSE33000
GSE33000__GSM1423859,positive,GSM1423859,GSE33000
GSE33000__GSM1423860,positive,GSM1423860,GSE33000
GSE33000__GSM1423861,positive,GSM1423861,GSE33000
GSE33000__GSM1423862,positive,GSM1423862,GSE33000
GSE33000__GSM1423863,positive,GSM1423863,GSE33000
GSE33000__GSM1423864,positive,GSM1423864,GSE33000
GSE33000__GSM1423865,positive,GSM1423865,GSE33000
GSE33000__GSM1423866,positive,GSM1423866,GSE33000
GSE33000__GSM1423867,positive,GSM1423867,GSE33000
GSE33000__GSM1423868,positive,GSM1423868,GSE33000
GSE33000__GSM1423869,positive,GSM1423869,GSE33000
GSE33000__GSM1423870,positive,GSM1423870,GSE33000
GSE33000__GSM1423871,positive,GSM1423871,GSE33000
GSE33000__GSM1423872,positive,GSM1423872,GSE33000
GSE33000__GSM1423873,positive,GSM1423873,GSE33000
GSE33000__GSM1423874,positive,GSM1423874,GSE33000
GSE33000__GSM1423875,positive,GSM1423875,GSE33000
GSE33000__GSM1423876,positive,GSM1423876,GSE33000
GSE33000__GSM1423877,positive,GSM1423877,GSE33000
GSE33000__GSM1423878,positive,GSM1423878,GSE33000
GSE33000__GSM1423879,positive,GSM1423879,GSE33000
GSE33000__GSM1423880,positive,GSM1423880,GSE33000
GSE33000__GSM1423881,positive,GSM1423881,GSE33000
GSE33000__GSM1423882,positive,GSM1423882,GSE33000
GSE33000__GSM1423883,positive,GSM1423883,GSE33000
GSE33000__GSM1423884,positive,GSM1423884,GSE33000
GSE33000__GSM1423885,positive,GSM1423885,GSE33000
GSE33000__GSM1423886,positive,GSM1423886,GSE33000
GSE33000__GSM1423887,positive,GSM1423887,GSE33000
GSE33000__GSM1423888,positive,GSM1423888,GSE33000
GSE33000__GSM1423889,positive,GSM1423889,GSE33000
GSE33000__GSM1423890,positive,GSM1423890,GSE33000
GSE33000__GSM1423891,positive,GSM1423891,GSE33000
GSE33000__GSM1423892,positive,GSM1423892,GSE33000
GSE33000__GSM1423893,positive,GSM1423893,GSE33000
GSE33000__GSM1423894,positive,GSM1423894,GSE33000
GSE33000__GSM1423895,positive,GSM1423895,GSE33000
GSE33000__GSM1423896,positive,GSM1423896,GSE33000
GSE33000__GSM1423897,positive,GSM1423897,GSE33000
GSE33000__GSM1423898,positive,GSM1423898,GSE33000
GSE33000__GSM1423899,positive,GSM1423899,GSE33000
GSE33000__GSM1423900,positive,GSM1423900,GSE33000
GSE33000__GSM1423901,positive,GSM1423901,GSE33000
GSE33000__GSM1423902,positive,GSM1423902,GSE33000
GSE33000__GSM1423903,positive,GSM1423903,GSE33000
GSE33000__GSM1423904,positive,GSM1423904,GSE33000
GSE33000__GSM1423905,positive,GSM1423905,GSE33000
GSE33000__GSM1423906,positive,GSM1423906,GSE33000
GSE33000__GSM1423907,positive,GSM1423907,GSE33000
GSE33000__GSM1423908,positive,GSM1423908,GSE33000
GSE33000__GSM1423909,positive,GSM1423909,GSE33000
GSE33000__GSM1423910,positive,GSM1423910,GSE33000
GSE33000__GSM1423911,positive,GSM1423911,GSE33000
GSE33000__GSM1423912,positive,GSM1423912,GSE33000
GSE33000__GSM1423913,positive,GSM1423913,GSE33000
GSE33000__GSM1423914,positive,GSM1423914,GSE33000
GSE33000__GSM1423915,positive,GSM1423915,GSE33000
GSE33000__GSM1423916,positive,GSM1423916,GSE33000
GSE33000__GSM1423917,positive,GSM1423917,GSE33000
GSE33000__GSM1423918,positive,GSM1423918,GSE33000
GSE33000__GSM1423919,positive,GSM1423919,GSE33000
GSE33000__GSM1423920,positive,GSM1423920,GSE33000
GSE33000__GSM1423921,positive,GSM1423921,GSE33000
GSE33000__GSM1423922,positive,GSM1423922,GSE33000
GSE33000__GSM1423923,positive,GSM1423923,GSE33000
GSE33000__GSM1423924,positive,GSM1423924,GSE33000
GSE33000__GSM1423925,positive,GSM1423925,GSE33000
GSE33000__GSM1423926,positive,GSM1423926,GSE33000
GSE33000__GSM1423927,positive,GSM1423927,GSE33000
GSE33000__GSM1423928,positive,GSM1423928,GSE33000
GSE33000__GSM1423929,positive,GSM1423929,GSE33000
GSE33000__GSM1423930,positive,GSM1423930,GSE33000
GSE33000__GSM1423931,positive,GSM1423931,GSE33000
GSE33000__GSM1423932,positive,GSM1423932,GSE33000
GSE33000__GSM1423933,positive,GSM1423933,GSE33000
GSE33000__GSM1423934,positive,GSM1423934,GSE33000
GSE33000__GSM1423935,positive,GSM1423935,GSE33000
GSE33000__GSM1423936,positive,GSM1423936,GSE33000
GSE33000__GSM1423937,positive,GSM1423937,GSE33000
GSE33000__GSM1423938,positive,GSM1423938,GSE33000
GSE33000__GSM1423939,positive,GSM1423939,GSE33000
GSE33000__GSM1423940,positive,GSM1423940,GSE33000
GSE33000__GSM1423941,positive,GSM1423941,GSE33000
GSE33000__GSM1423942,positive,GSM1423942,GSE33000
GSE33000__GSM1423943,positive,GSM1423943,GSE33000
GSE33000__GSM1423944,positive,GSM1423944,GSE33000
GSE33000__GSM1423945,positive,GSM1423945,GSE33000
GSE33000__GSM1423946,positive,GSM1423946,GSE33000
GSE33000__GSM1423947,positive,GSM1423947,GSE33000
GSE33000__GSM1423948,positive,GSM1423948,GSE33000
GSE33000__GSM1423949,positive,GSM1423949,GSE33000
GSE33000__GSM1423950,positive,GSM1423950,GSE33000
GSE33000__GSM1423951,positive,GSM1423951,GSE33000
GSE33000__GSM1423952,positive,GSM1423952,GSE33000
GSE33000__GSM1423953,positive,GSM1423953,GSE33000
GSE33000__GSM1423954,positive,GSM1423954,GSE33000
GSE33000__GSM1423955,positive,GSM1423955,GSE33000
GSE33000__GSM1423956,positive,GSM1423956,GSE33000
GSE33000__GSM1423957,positive,GSM1423957,GSE33000
GSE33000__GSM1423958,positive,GSM1423958,GSE33000
GSE33000__GSM1423959,positive,GSM1423959,GSE33000
GSE33000__GSM1423960,positive,GSM1423960,GSE33000
GSE33000__GSM1423961,positive,GSM1423961,GSE33000
GSE33000__GSM1423962,positive,GSM1423962,GSE33000
GSE33000__GSM1423963,positive,GSM1423963,GSE33000
GSE33000__GSM1423964,positive,GSM1423964,GSE33000
GSE33000__GSM1423965,positive,GSM1423965,GSE33000
GSE33000__GSM1423966,positive,GSM1423966,GSE33000
GSE33000__GSM1423967,positive,GSM1423967,GSE33000
GSE33000__GSM1423968,positive,GSM1423968,GSE33000
GSE33000__GSM1423969,positive,GSM1423969,GSE33000
GSE33000__GSM1423970,positive,GSM1423970,GSE33000
GSE33000__GSM1423971,positive,GSM1423971,GSE33000
GSE33000__GSM1423972,positive,GSM1423972,GSE33000
GSE33000__GSM1423973,positive,GSM1423973,GSE33000
GSE33000__GSM1423974,positive,GSM1423974,GSE33000
GSE33000__GSM1423975,positive,GSM1423975,GSE33000
GSE33000__GSM1423976,positive,GSM1423976,GSE33000
GSE33000__GSM1423977,positive,GSM1423977,GSE33000
GSE33000__GSM1423978,positive,GSM1423978,GSE33000
GSE33000__GSM1423979,positive,GSM1423979,GSE33000
GSE33000__GSM1423980,positive,GSM1423980,GSE33000
GSE33000__GSM1423981,positive,GSM1423981,GSE33000
GSE33000__GSM1423982,positive,GSM1423982,GSE33000
GSE33000__GSM1423983,positive,GSM1423983,GSE33000
GSE33000__GSM1423984,positive,GSM1423984,GSE33000
GSE33000__GSM1423985,positive,GSM1423985,GSE33000
GSE33000__GSM1423986,positive,GSM1423986,GSE33000
GSE33000__GSM1423987,positive,GSM1423987,GSE33000
GSE33000__GSM1423988,positive,GSM1423988,GSE33000
GSE33000__GSM1423989,positive,GSM1423989,GSE33000
GSE33000__GSM1423990,positive,GSM1423990,GSE33000
GSE33000__GSM1423991,positive,GSM1423991,GSE33000
GSE33000__GSM1423992,positive,GSM1423992,GSE33000
GSE33000__GSM1423993,positive,GSM1423993,GSE33000
GSE33000__GSM1423994,positive,GSM1423994,GSE33000
GSE33000__GSM1423995,positive,GSM1423995,GSE33000
GSE33000__GSM1423996,positive,GSM1423996,GSE33000
GSE33000__GSM1423997,positive,GSM1423997,GSE33000
GSE33000__GSM1423998,positive,GSM1423998,GSE33000
GSE33000__GSM1423999,positive,GSM1423999,GSE33000
GSE33000__GSM1424000,positive,GSM1424000,GSE33000
GSE33000__GSM1424001,positive,GSM1424001,GSE33000
GSE33000__GSM1424002,positive,GSM1424002,GSE33000
GSE33000__GSM1424003,positive,GSM1424003,GSE33000
GSE33000__GSM1424004,positive,GSM1424004,GSE33000
GSE33000__GSM1424005,positive,GSM1424005,GSE33000
GSE33000__GSM1424006,positive,GSM1424006,GSE33000
GSE33000__GSM1424007,positive,GSM1424007,GSE33000
GSE33000__GSM1424008,positive,GSM1424008,GSE33000
GSE33000__GSM1424009,positive,GSM1424009,GSE33000
GSE33000__GSM1424010,positive,GSM1424010,GSE33000
GSE33000__GSM1424011,positive,GSM1424011,GSE33000
GSE33000__GSM1424012,positive,GSM1424012,GSE33000
GSE33000__GSM1424013,positive,GSM1424013,GSE33000
GSE33000__GSM1424014,positive,GSM1424014,GSE33000
GSE33000__GSM1424015,positive,GSM1424015,GSE33000
GSE33000__GSM1424016,positive,GSM1424016,GSE33000
GSE33000__GSM1424017,positive,GSM1424017,GSE33000
GSE33000__GSM1424018,positive,GSM1424018,GSE33000
GSE33000__GSM1424019,positive,GSM1424019,GSE33000
GSE33000__GSM1424020,positive,GSM1424020,GSE33000
GSE33000__GSM1424021,positive,GSM1424021,GSE33000
GSE33000__GSM1424022,positive,GSM1424022,GSE33000
GSE33000__GSM1424023,positive,GSM1424023,GSE33000
GSE33000__GSM1424024,positive,GSM1424024,GSE33000
GSE33000__GSM1424025,positive,GSM1424025,GSE33000
GSE33000__GSM1424026,positive,GSM1424026,GSE33000
GSE33000__GSM1424027,positive,GSM1424027,GSE33000
GSE33000__GSM1424028,positive,GSM1424028,GSE33000
GSE33000__GSM1424029,positive,GSM1424029,GSE33000
GSE33000__GSM1424030,positive,GSM1424030,GSE33000
GSE33000__GSM1424031,positive,GSM1424031,GSE33000
GSE33000__GSM1424032,positive,GSM1424032,GSE33000
GSE33000__GSM1424033,positive,GSM1424033,GSE33000
GSE33000__GSM1424034,positive,GSM1424034,GSE33000
GSE33000__GSM1424035,positive,GSM1424035,GSE33000
GSE33000__GSM1424036,positive,GSM1424036,GSE33000
GSE33000__GSM1424037,positive,GSM1424037,GSE33000
GSE33000__GSM1424038,positive,GSM1424038,GSE33000
GSE33000__GSM1424039,positive,GSM1424039,GSE33000
GSE33000__GSM1424040,positive,GSM1424040,GSE33000
GSE33000__GSM1424041,positive,GSM1424041,GSE33000
GSE33000__GSM1424042,positive,GSM1424042,GSE33000
GSE33000__GSM1424043,positive,GSM1424043,GSE33000
GSE33000__GSM1424044,positive,GSM1424044,GSE33000
GSE33000__GSM1424045,positive,GSM1424045,GSE33000
GSE33000__GSM1424046,positive,GSM1424046,GSE33000
GSE33000__GSM1424047,positive,GSM1424047,GSE33000
GSE33000__GSM1424048,positive,GSM1424048,GSE33000
GSE33000__GSM1424049,positive,GSM1424049,GSE33000
GSE33000__GSM1424050,positive,GSM1424050,GSE33000
GSE33000__GSM1424051,positive,GSM1424051,GSE33000
GSE33000__GSM1424052,positive,GSM1424052,GSE33000
GSE33000__GSM1424053,positive,GSM1424053,GSE33000
GSE33000__GSM1424054,positive,GSM1424054,GSE33000
GSE33000__GSM1424055,positive,GSM1424055,GSE33000
GSE33000__GSM1424056,positive,GSM1424056,GSE33000
GSE33000__GSM1424057,positive,GSM1424057,GSE33000
GSE33000__GSM1424058,positive,GSM1424058,GSE33000
GSE33000__GSM1424059,positive,GSM1424059,GSE33000
GSE33000__GSM1424060,positive,GSM1424060,GSE33000
GSE33000__GSM1424061,positive,GSM1424061,GSE33000
GSE33000__GSM1424062,positive,GSM1424062,GSE33000
GSE33000__GSM1424063,positive,GSM1424063,GSE33000
GSE33000__GSM1424064,positive,GSM1424064,GSE33000
GSE33000__GSM1424065,positive,GSM1424065,GSE33000
GSE33000__GSM1424066,positive,GSM1424066,GSE33000
GSE33000__GSM1424067,positive,GSM1424067,GSE33000
GSE33000__GSM1424068,positive,GSM1424068,GSE33000
GSE33000__GSM1424069,positive,GSM1424069,GSE33000
GSE33000__GSM1424070,positive,GSM1424070,GSE33000
GSE33000__GSM1424071,positive,GSM1424071,GSE33000
GSE33000__GSM1424072,positive,GSM1424072,GSE33000
GSE33000__GSM1424073,positive,GSM1424073,GSE33000
GSE33000__GSM1424074,positive,GSM1424074,GSE33000
GSE33000__GSM1424075,positive,GSM1424075,GSE33000
GSE33000__GSM1424076,positive,GSM1424076,GSE33000
GSE33000__GSM1424077,positive,GSM1424077,GSE33000
GSE33000__GSM1424078,positive,GSM1424078,GSE33000
GSE33000__GSM1424079,positive,GSM1424079,GSE33000
GSE33000__GSM1424080,positive,GSM1424080,GSE33000
GSE33000__GSM1424081,positive,GSM1424081,GSE33000
GSE33000__GSM1424082,positive,GSM1424082,GSE33000
GSE33000__GSM1424083,positive,GSM1424083,GSE33000
GSE33000__GSM1424084,positive,GSM1424084,GSE33000
GSE33000__GSM1424085,positive,GSM1424085,GSE33000
GSE33000__GSM1424086,positive,GSM1424086,GSE33000
GSE33000__GSM1424087,positive,GSM1424087,GSE33000
GSE33000__GSM1424088,positive,GSM1424088,GSE33000
GSE33000__GSM1424089,positive,GSM1424089,GSE33000
GSE33000__GSM1424090,control,GSM1424090,GSE33000
GSE33000__GSM1424091,control,GSM1424091,GSE33000
GSE33000__GSM1424092,control,GSM1424092,GSE33000
GSE33000__GSM1424093,control,GSM1424093,GSE33000
GSE33000__GSM1424094,control,GSM1424094,GSE33000
GSE33000__GSM1424095,control,GSM1424095,GSE33000
GSE33000__GSM1424096,control,GSM1424096,GSE33000
GSE33000__GSM1424097,control,GSM1424097,GSE33000
GSE33000__GSM1424098,control,GSM1424098,GSE33000
GSE33000__GSM1424099,control,GSM1424099,GSE33000
GSE33000__GSM1424100,control,GSM1424100,GSE33000
GSE33000__GSM1424101,control,GSM1424101,GSE33000
GSE33000__GSM1424102,control,GSM1424102,GSE33000
GSE33000__GSM1424103,control,GSM1424103,GSE33000
GSE33000__GSM1424104,control,GSM1424104,GSE33000
GSE33000__GSM1424105,control,GSM1424105,GSE33000
GSE33000__GSM1424106,control,GSM1424106,GSE33000
GSE33000__GSM1424107,control,GSM1424107,GSE33000
GSE33000__GSM1424108,control,GSM1424108,GSE33000
GSE33000__GSM1424109,control,GSM1424109,GSE33000
GSE33000__GSM1424110,control,GSM1424110,GSE33000
GSE33000__GSM1424111,control,GSM1424111,GSE33000
GSE33000__GSM1424112,control,GSM1424112,GSE33000
GSE33000__GSM1424113,control,GSM1424113,GSE33000
GSE33000__GSM1424114,control,GSM1424114,GSE33000
GSE33000__GSM1424115,control,GSM1424115,GSE33000
GSE33000__GSM1424116,control,GSM1424116,GSE33000
GSE33000__GSM1424117,control,GSM1424117,GSE33000
GSE33000__GSM1424118,control,GSM1424118,GSE33000
GSE33000__GSM1424119,control,GSM1424119,GSE33000
GSE33000__GSM1424120,control,GSM1424120,GSE33000
GSE33000__GSM1424121,control,GSM1424121,GSE33000
GSE33000__GSM1424122,control,GSM1424122,GSE33000
GSE33000__GSM1424123,control,GSM1424123,GSE33000
GSE33000__GSM1424124,control,GSM1424124,GSE33000
GSE33000__GSM1424125,control,GSM1424125,GSE33000
GSE33000__GSM1424126,control,GSM1424126,GSE33000
GSE33000__GSM1424127,control,GSM1424127,GSE33000
GSE33000__GSM1424128,control,GSM1424128,GSE33000
GSE33000__GSM1424129,control,GSM1424129,GSE33000
GSE33000__GSM1424130,control,GSM1424130,GSE33000
GSE33000__GSM1424131,control,GSM1424131,GSE33000
GSE33000__GSM1424132,control,GSM1424132,GSE33000
GSE33000__GSM1424133,control,GSM1424133,GSE33000
GSE33000__GSM1424134,control,GSM1424134,GSE33000
GSE33000__GSM1424135,control,GSM1424135,GSE33000
GSE33000__GSM1424136,control,GSM1424136,GSE33000
GSE33000__GSM1424137,control,GSM1424137,GSE33000
GSE33000__GSM1424138,control,GSM1424138,GSE33000
GSE33000__GSM1424139,control,GSM1424139,GSE33000
GSE33000__GSM1424140,control,GSM1424140,GSE33000
GSE33000__GSM1424141,control,GSM1424141,GSE33000
GSE33000__GSM1424142,control,GSM1424142,GSE33000
GSE33000__GSM1424143,control,GSM1424143,GSE33000
GSE33000__GSM1424144,control,GSM1424144,GSE33000
GSE33000__GSM1424145,control,GSM1424145,GSE33000
GSE33000__GSM1424146,control,GSM1424146,GSE33000
GSE33000__GSM1424147,control,GSM1424147,GSE33000
GSE33000__GSM1424148,control,GSM1424148,GSE33000
GSE33000__GSM1424149,control,GSM1424149,GSE33000
GSE33000__GSM1424150,control,GSM1424150,GSE33000
GSE33000__GSM1424151,control,GSM1424151,GSE33000
GSE33000__GSM1424152,control,GSM1424152,GSE33000
GSE33000__GSM1424153,control,GSM1424153,GSE33000
GSE33000__GSM1424154,control,GSM1424154,GSE33000
GSE33000__GSM1424155,control,GSM1424155,GSE33000
GSE33000__GSM1424156,control,GSM1424156,GSE33000
GSE33000__GSM1424157,control,GSM1424157,GSE33000
GSE33000__GSM1424158,control,GSM1424158,GSE33000
GSE33000__GSM1424159,control,GSM1424159,GSE33000
GSE33000__GSM1424160,control,GSM1424160,GSE33000
GSE33000__GSM1424161,control,GSM1424161,GSE33000
GSE33000__GSM1424162,control,GSM1424162,GSE33000
GSE33000__GSM1424163,control,GSM1424163,GSE33000
GSE33000__GSM1424164,control,GSM1424164,GSE33000
GSE33000__GSM1424165,control,GSM1424165,GSE33000
GSE33000__GSM1424166,control,GSM1424166,GSE33000
GSE33000__GSM1424167,control,GSM1424167,GSE33000
GSE33000__GSM1424168,control,GSM1424168,GSE33000
GSE33000__GSM1424169,control,GSM1424169,GSE33000
GSE33000__GSM1424170,control,GSM1424170,GSE33000
GSE33000__GSM1424171,control,GSM1424171,GSE33000
GSE33000__GSM1424172,control,GSM1424172,GSE33000
GSE33000__GSM1424173,control,GSM1424173,GSE33000
GSE33000__GSM1424174,control,GSM1424174,GSE33000
GSE33000__GSM1424175,control,GSM1424175,GSE33000
GSE33000__GSM1424176,control,GSM1424176,GSE33000
GSE33000__GSM1424177,control,GSM1424177,GSE33000
GSE33000__GSM1424178,control,GSM1424178,GSE33000
GSE33000__GSM1424179,control,GSM1424179,GSE33000
GSE33000__GSM1424180,control,GSM1424180,GSE33000
GSE33000__GSM1424181,control,GSM1424181,GSE33000
GSE33000__GSM1424182,control,GSM1424182,GSE33000
GSE33000__GSM1424183,control,GSM1424183,GSE33000
GSE33000__GSM1424184,control,GSM1424184,GSE33000
GSE33000__GSM1424185,control,GSM1424185,GSE33000
GSE33000__GSM1424186,control,GSM1424186,GSE33000
GSE33000__GSM1424187,control,GSM1424187,GSE33000
GSE33000__GSM1424188,control,GSM1424188,GSE33000
GSE33000__GSM1424189,control,GSM1424189,GSE33000
GSE33000__GSM1424190,control,GSM1424190,GSE33000
GSE33000__GSM1424191,control,GSM1424191,GSE33000
GSE33000__GSM1424192,control,GSM1424192,GSE33000
GSE33000__GSM1424193,control,GSM1424193,GSE33000
GSE33000__GSM1424194,control,GSM1424194,GSE33000
GSE33000__GSM1424195,control,GSM1424195,GSE33000
GSE33000__GSM1424196,control,GSM1424196,GSE33000
GSE33000__GSM1424197,control,GSM1424197,GSE33000
GSE33000__GSM1424198,control,GSM1424198,GSE33000
GSE33000__GSM1424199,control,GSM1424199,GSE33000
GSE33000__GSM1424200,control,GSM1424200,GSE33000
GSE33000__GSM1424201,control,GSM1424201,GSE33000
GSE33000__GSM1424202,control,GSM1424202,GSE33000
GSE33000__GSM1424203,control,GSM1424203,GSE33000
GSE33000__GSM1424204,control,GSM1424204,GSE33000
GSE33000__GSM1424205,control,GSM1424205,GSE33000
GSE33000__GSM1424206,control,GSM1424206,GSE33000
GSE33000__GSM1424207,control,GSM1424207,GSE33000
GSE33000__GSM1424208,control,GSM1424208,GSE33000
GSE33000__GSM1424209,control,GSM1424209,GSE33000
GSE33000__GSM1424210,control,GSM1424210,GSE33000
GSE33000__GSM1424211,control,GSM1424211,GSE33000
GSE33000__GSM1424212,control,GSM1424212,GSE33000
GSE33000__GSM1424213,control,GSM1424213,GSE33000
GSE33000__GSM1424214,control,GSM1424214,GSE33000
GSE33000__GSM1424215,control,GSM1424215,GSE33000
GSE33000__GSM1424216,control,GSM1424216,GSE33000
GSE33000__GSM1424217,control,GSM1424217,GSE33000
GSE33000__GSM1424218,control,GSM1424218,GSE33000
GSE33000__GSM1424219,control,GSM1424219,GSE33000
GSE33000__GSM1424220,control,GSM1424220,GSE33000
GSE33000__GSM1424221,control,GSM1424221,GSE33000
GSE33000__GSM1424222,control,GSM1424222,GSE33000
GSE33000__GSM1424223,control,GSM1424223,GSE33000
GSE33000__GSM1424224,control,GSM1424224,GSE33000
GSE33000__GSM1424225,control,GSM1424225,GSE33000
GSE33000__GSM1424226,control,GSM1424226,GSE33000
GSE33000__GSM1424227,control,GSM1424227,GSE33000
GSE33000__GSM1424228,control,GSM1424228,GSE33000
GSE33000__GSM1424229,control,GSM1424229,GSE33000
GSE33000__GSM1424230,control,GSM1424230,GSE33000
GSE33000__GSM1424231,control,GSM1424231,GSE33000
GSE33000__GSM1424232,control,GSM1424232,GSE33000
GSE33000__GSM1424233,control,GSM1424233,GSE33000
GSE33000__GSM1424234,control,GSM1424234,GSE33000
GSE33000__GSM1424235,control,GSM1424235,GSE33000
GSE33000__GSM1424236,control,GSM1424236,GSE33000
GSE33000__GSM1424237,control,GSM1424237,GSE33000
GSE33000__GSM1424238,control,GSM1424238,GSE33000
GSE33000__GSM1424239,control,GSM1424239,GSE33000
GSE33000__GSM1424240,control,GSM1424240,GSE33000
GSE33000__GSM1424241,control,GSM1424241,GSE33000
GSE33000__GSM1424242,control,GSM1424242,GSE33000
GSE33000__GSM1424243,control,GSM1424243,GSE33000
GSE33000__GSM1424244,control,GSM1424244,GSE33000
GSE33000__GSM1424245,control,GSM1424245,GSE33000
GSE33000__GSM1424246,control,GSM1424246,GSE33000
GSE36980__GSM907792,positive,GSM907792,GSE36980
GSE36980__GSM907793,positive,GSM907793,GSE36980
GSE36980__GSM907794,positive,GSM907794,GSE36980
GSE36980__GSM907795,positive,GSM907795,GSE36980
GSE36980__GSM907796,positive,GSM907796,GSE36980
GSE36980__GSM907797,positive,GSM907797,GSE36980
GSE36980__GSM907798,positive,GSM907798,GSE36980
GSE36980__GSM907799,positive,GSM907799,GSE36980
GSE36980__GSM907800,positive,GSM907800,GSE36980
GSE36980__GSM907801,positive,GSM907801,GSE36980
GSE36980__GSM907802,positive,GSM907802,GSE36980
GSE36980__GSM907803,positive,GSM907803,GSE36980
GSE36980__GSM907804,positive,GSM907804,GSE36980
GSE36980__GSM907805,positive,GSM907805,GSE36980
GSE36980__GSM907806,positive,GSM907806,GSE36980
GSE36980__GSM907807,control,GSM907807,GSE36980
GSE36980__GSM907808,control,GSM907808,GSE36980
GSE36980__GSM907809,control,GSM907809,GSE36980
GSE36980__GSM907810,control,GSM907810,GSE36980
GSE36980__GSM907811,control,GSM907811,GSE36980
GSE36980__GSM907812,control,GSM907812,GSE36980
GSE36980__GSM907813,control,GSM907813,GSE36980
GSE36980__GSM907814,control,GSM907814,GSE36980
GSE36980__GSM907815,control,GSM907815,GSE36980
GSE36980__GSM907816,control,GSM907816,GSE36980
GSE36980__GSM907817,control,GSM907817,GSE36980
GSE36980__GSM907818,control,GSM907818,GSE36980
GSE36980__GSM907819,control,GSM907819,GSE36980
GSE36980__GSM907820,control,GSM907820,GSE36980
GSE36980__GSM907821,control,GSM907821,GSE36980
GSE36980__GSM907822,control,GSM907822,GSE36980
GSE36980__GSM907823,control,GSM907823,GSE36980
GSE36980__GSM907824,control,GSM907824,GSE36980
GSE36980__GSM907825,positive,GSM907825,GSE36980
GSE36980__GSM907826,positive,GSM907826,GSE36980
GSE36980__GSM907827,positive,GSM907827,GSE36980
GSE36980__GSM907828,positive,GSM907828,GSE36980
GSE36980__GSM907829,positive,GSM907829,GSE36980
GSE36980__GSM907830,positive,GSM907830,GSE36980
GSE36980__GSM907831,positive,GSM907831,GSE36980
GSE36980__GSM907832,positive,GSM907832,GSE36980
GSE36980__GSM907833,positive,GSM907833,GSE36980
GSE36980__GSM907834,positive,GSM907834,GSE36980
GSE36980__GSM907835,control,GSM907835,GSE36980
GSE36980__GSM907836,control,GSM907836,GSE36980
GSE36980__GSM907837,control,GSM907837,GSE36980
GSE36980__GSM907838,control,GSM907838,GSE36980
GSE36980__GSM907839,control,GSM907839,GSE36980
GSE36980__GSM907840,control,GSM907840,GSE36980
GSE36980__GSM907841,control,GSM907841,GSE36980
GSE36980__GSM907842,control,GSM907842,GSE36980
GSE36980__GSM907843,control,GSM907843,GSE36980
GSE36980__GSM907844,control,GSM907844,GSE36980
GSE36980__GSM907845,control,GSM907845,GSE36980
GSE36980__GSM907846,control,GSM907846,GSE36980
GSE36980__GSM907847,control,GSM907847,GSE36980
GSE36980__GSM907848,control,GSM907848,GSE36980
GSE36980__GSM907849,control,GSM907849,GSE36980
GSE36980__GSM907850,control,GSM907850,GSE36980
GSE36980__GSM907851,control,GSM907851,GSE36980
GSE36980__GSM907852,control,GSM907852,GSE36980
GSE36980__GSM907853,control,GSM907853,GSE36980
GSE36980__GSM907854,positive,GSM907854,GSE36980
GSE36980__GSM907855,positive,GSM907855,GSE36980
GSE36980__GSM907856,positive,GSM907856,GSE36980
GSE36980__GSM907857,positive,GSM907857,GSE36980
GSE36980__GSM907858,positive,GSM907858,GSE36980
GSE36980__GSM907859,positive,GSM907859,GSE36980
GSE36980__GSM907860,positive,GSM907860,GSE36980
GSE36980__GSM907861,control,GSM907861,GSE36980
GSE36980__GSM907862,control,GSM907862,GSE36980
GSE36980__GSM907863,control,GSM907863,GSE36980
GSE36980__GSM907864,control,GSM907864,GSE36980
GSE36980__GSM907865,control,GSM907865,GSE36980
GSE36980__GSM907866,control,GSM907866,GSE36980
GSE36980__GSM907867,control,GSM907867,GSE36980
GSE36980__GSM907868,control,GSM907868,GSE36980
GSE36980__GSM907869,control,GSM907869,GSE36980
GSE36980__GSM907870,control,GSM907870,GSE36980
GSE36980__GSM4764672,positive,GSM4764672,GSE36980
GSE5281__GSM119615,control,GSM119615,GSE5281
GSE5281__GSM119616,control,GSM119616,GSE5281
GSE5281__GSM119617,control,GSM119617,GSE5281
GSE5281__GSM119618,control,GSM119618,GSE5281
GSE5281__GSM119619,control,GSM119619,GSE5281
GSE5281__GSM119620,control,GSM119620,GSE5281
GSE5281__GSM119621,control,GSM119621,GSE5281
GSE5281__GSM119622,control,GSM119622,GSE5281
GSE5281__GSM119623,control,GSM119623,GSE5281
GSE5281__GSM119624,control,GSM119624,GSE5281
GSE5281__GSM119625,control,GSM119625,GSE5281
GSE5281__GSM119626,control,GSM119626,GSE5281
GSE5281__GSM119627,control,GSM119627,GSE5281
GSE5281__GSM119628,control,GSM119628,GSE5281
GSE5281__GSM119629,control,GSM119629,GSE5281
GSE5281__GSM119630,control,GSM119630,GSE5281
GSE5281__GSM119631,control,GSM119631,GSE5281
GSE5281__GSM119632,control,GSM119632,GSE5281
GSE5281__GSM119633,control,GSM119633,GSE5281
GSE5281__GSM119634,control,GSM119634,GSE5281
GSE5281__GSM119635,control,GSM119635,GSE5281
GSE5281__GSM119636,control,GSM119636,GSE5281
GSE5281__GSM119637,control,GSM119637,GSE5281
GSE5281__GSM119638,control,GSM119638,GSE5281
GSE5281__GSM119639,control,GSM119639,GSE5281
GSE5281__GSM119640,control,GSM119640,GSE5281
GSE5281__GSM119641,control,GSM119641,GSE5281
GSE5281__GSM119642,control,GSM119642,GSE5281
GSE5281__GSM119643,control,GSM119643,GSE5281
GSE5281__GSM119644,control,GSM119644,GSE5281
GSE5281__GSM119645,control,GSM119645,GSE5281
GSE5281__GSM119646,control,GSM119646,GSE5281
GSE5281__GSM119647,control,GSM119647,GSE5281
GSE5281__GSM119648,control,GSM119648,GSE5281
GSE5281__GSM119649,control,GSM119649,GSE5281
GSE5281__GSM119650,control,GSM119650,GSE5281
GSE5281__GSM119651,control,GSM119651,GSE5281
GSE5281__GSM119652,control,GSM119652,GSE5281
GSE5281__GSM119653,control,GSM119653,GSE5281
GSE5281__GSM119654,control,GSM119654,GSE5281
GSE5281__GSM119655,control,GSM119655,GSE5281
GSE5281__GSM119656,control,GSM119656,GSE5281
GSE5281__GSM119657,control,GSM119657,GSE5281
GSE5281__GSM119658,control,GSM119658,GSE5281
GSE5281__GSM119659,control,GSM119659,GSE5281
GSE5281__GSM119660,control,GSM119660,GSE5281
GSE5281__GSM119661,control,GSM119661,GSE5281
GSE5281__GSM119662,control,GSM119662,GSE5281
GSE5281__GSM119663,control,GSM119663,GSE5281
GSE5281__GSM119664,control,GSM119664,GSE5281
GSE5281__GSM119665,control,GSM119665,GSE5281
GSE5281__GSM119666,control,GSM119666,GSE5281
GSE5281__GSM119667,control,GSM119667,GSE5281
GSE5281__GSM119668,control,GSM119668,GSE5281
GSE5281__GSM119669,control,GSM119669,GSE5281
GSE5281__GSM119670,control,GSM119670,GSE5281
GSE5281__GSM119671,control,GSM119671,GSE5281
GSE5281__GSM119672,control,GSM119672,GSE5281
GSE5281__GSM119673,control,GSM119673,GSE5281
GSE5281__GSM119674,control,GSM119674,GSE5281
GSE5281__GSM119675,control,GSM119675,GSE5281
GSE5281__GSM119676,control,GSM119676,GSE5281
GSE5281__GSM119677,control,GSM119677,GSE5281
GSE5281__GSM119678,control,GSM119678,GSE5281
GSE5281__GSM119679,control,GSM119679,GSE5281
GSE5281__GSM119680,control,GSM119680,GSE5281
GSE5281__GSM119681,control,GSM119681,GSE5281
GSE5281__GSM119682,control,GSM119682,GSE5281
GSE5281__GSM119683,control,GSM119683,GSE5281
GSE5281__GSM119684,control,GSM119684,GSE5281
GSE5281__GSM119685,control,GSM119685,GSE5281
GSE5281__GSM119686,control,GSM119686,GSE5281
GSE5281__GSM119687,control,GSM119687,GSE5281
GSE5281__GSM119688,control,GSM119688,GSE5281
GSE5281__GSM238763,positive,GSM238763,GSE5281
GSE5281__GSM238790,positive,GSM238790,GSE5281
GSE5281__GSM238791,positive,GSM238791,GSE5281
GSE5281__GSM238792,positive,GSM238792,GSE5281
GSE5281__GSM238793,positive,GSM238793,GSE5281
GSE5281__GSM238794,positive,GSM238794,GSE5281
GSE5281__GSM238795,positive,GSM238795,GSE5281
GSE5281__GSM238796,positive,GSM238796,GSE5281
GSE5281__GSM238797,positive,GSM238797,GSE5281
GSE5281__GSM238798,positive,GSM238798,GSE5281
GSE5281__GSM238799,positive,GSM238799,GSE5281
GSE5281__GSM238800,positive,GSM238800,GSE5281
GSE5281__GSM238801,positive,GSM238801,GSE5281
GSE5281__GSM238802,positive,GSM238802,GSE5281
GSE5281__GSM238803,positive,GSM238803,GSE5281
GSE5281__GSM238804,positive,GSM238804,GSE5281
GSE5281__GSM238805,positive,GSM238805,GSE5281
GSE5281__GSM238806,positive,GSM238806,GSE5281
GSE5281__GSM238807,positive,GSM238807,GSE5281
GSE5281__GSM238808,positive,GSM238808,GSE5281
GSE5281__GSM238809,positive,GSM238809,GSE5281
GSE5281__GSM238810,positive,GSM238810,GSE5281
GSE5281__GSM238811,positive,GSM238811,GSE5281
GSE5281__GSM238812,positive,GSM238812,GSE5281
GSE5281__GSM238813,positive,GSM238813,GSE5281
GSE5281__GSM238815,positive,GSM238815,GSE5281
GSE5281__GSM238816,positive,GSM238816,GSE5281
GSE5281__GSM238817,positive,GSM238817,GSE5281
GSE5281__GSM238818,positive,GSM238818,GSE5281
GSE5281__GSM238819,positive,GSM238819,GSE5281
GSE5281__GSM238820,positive,GSM238820,GSE5281
GSE5281__GSM238821,positive,GSM238821,GSE5281
GSE5281__GSM238822,positive,GSM238822,GSE5281
GSE5281__GSM238823,positive,GSM238823,GSE5281
GSE5281__GSM238824,positive,GSM238824,GSE5281
GSE5281__GSM238825,positive,GSM238825,GSE5281
GSE5281__GSM238826,positive,GSM238826,GSE5281
GSE5281__GSM238827,positive,GSM238827,GSE5281
GSE5281__GSM238834,positive,GSM238834,GSE5281
GSE5281__GSM238835,positive,GSM238835,GSE5281
GSE5281__GSM238837,positive,GSM238837,GSE5281
GSE5281__GSM238838,positive,GSM238838,GSE5281
GSE5281__GSM238839,positive,GSM238839,GSE5281
GSE5281__GSM238840,positive,GSM238840,GSE5281
GSE5281__GSM238841,positive,GSM238841,GSE5281
GSE5281__GSM238842,positive,GSM238842,GSE5281
GSE5281__GSM238843,positive,GSM238843,GSE5281
GSE5281__GSM238844,positive,GSM238844,GSE5281
GSE5281__GSM238845,positive,GSM238845,GSE5281
GSE5281__GSM238846,positive,GSM238846,GSE5281
GSE5281__GSM238847,positive,GSM238847,GSE5281
GSE5281__GSM238848,positive,GSM238848,GSE5281
GSE5281__GSM238851,positive,GSM238851,GSE5281
GSE5281__GSM238854,positive,GSM238854,GSE5281
GSE5281__GSM238855,positive,GSM238855,GSE5281
GSE5281__GSM238856,positive,GSM238856,GSE5281
GSE5281__GSM238857,positive,GSM238857,GSE5281
GSE5281__GSM238858,positive,GSM238858,GSE5281
GSE5281__GSM238860,positive,GSM238860,GSE5281
GSE5281__GSM238861,positive,GSM238861,GSE5281
GSE5281__GSM238862,positive,GSM238862,GSE5281
GSE5281__GSM238863,positive,GSM238863,GSE5281
GSE5281__GSM238864,positive,GSM238864,GSE5281
GSE5281__GSM238865,positive,GSM238865,GSE5281
GSE5281__GSM238867,positive,GSM238867,GSE5281
GSE5281__GSM238868,positive,GSM238868,GSE5281
GSE5281__GSM238870,positive,GSM238870,GSE5281
GSE5281__GSM238871,positive,GSM238871,GSE5281
GSE5281__GSM238872,positive,GSM238872,GSE5281
GSE5281__GSM238873,positive,GSM238873,GSE5281
GSE5281__GSM238874,positive,GSM238874,GSE5281
GSE5281__GSM238875,positive,GSM238875,GSE5281
GSE5281__GSM238877,positive,GSM238877,GSE5281
GSE5281__GSM238941,positive,GSM238941,GSE5281
GSE5281__GSM238942,positive,GSM238942,GSE5281
GSE5281__GSM238943,positive,GSM238943,GSE5281
GSE5281__GSM238944,positive,GSM238944,GSE5281
GSE5281__GSM238945,positive,GSM238945,GSE5281
GSE5281__GSM238946,positive,GSM238946,GSE5281
GSE5281__GSM238947,positive,GSM238947,GSE5281
GSE5281__GSM238948,positive,GSM238948,GSE5281
GSE5281__GSM238949,positive,GSM238949,GSE5281
GSE5281__GSM238951,positive,GSM238951,GSE5281
GSE5281__GSM238952,positive,GSM238952,GSE5281
GSE5281__GSM238953,positive,GSM238953,GSE5281
GSE5281__GSM238955,positive,GSM238955,GSE5281
GSE5281__GSM238963,positive,GSM238963,GSE5281
