sample_id,label,SVM_prob,Voting_SVM_prob,Bagging_SVM_prob
GSE1297__GSM21203,1,0.9006680368724734,0.8392557950339327,0.88964002389585
GSE1297__GSM21204,1,0.7178264419455697,0.7330053210879729,0.7378575195025345
GSE1297__GSM21205,1,0.49132365141918577,0.5561359049020087,0.4764995275987577
GSE1297__GSM21206,1,0.8390040773715606,0.8014768559654689,0.8686079184406592
GSE1297__GSM21207,1,0.9098421339802731,0.8977727828248745,0.7864350531059033
GSE1297__GSM21208,1,0.717094716711089,0.8397287758393289,0.6845512697245251
GSE1297__GSM21209,1,0.8655594239221237,0.796787541328451,0.8020562539235678
GSE1297__GSM21210,1,0.10283928923354259,0.27892898600765964,0.13648901149144624
GSE1297__GSM21211,1,0.9389737546982823,0.931494331188424,0.9243047138007692
GSE1297__GSM21212,1,0.9664376751690067,0.9235308685074447,0.9641345884638698
GSE1297__GSM21213,1,0.9453603544927492,0.8950135815298875,0.9265153415130971
GSE1297__GSM21214,1,0.494021825146496,0.5984089896915263,0.6621709190470693
GSE1297__GSM21215,0,0.16522579515064306,0.08331477973645947,0.1825867030060256
GSE1297__GSM21216,1,0.08417713992923609,0.16018213602571504,0.14109938851462275
GSE1297__GSM21217,0,0.205772318755415,0.2958942582060869,0.16027871040107083
GSE1297__GSM21218,0,0.16503208265393396,0.3296198505597757,0.34031579277374935
GSE1297__GSM21219,0,0.8768362853147902,0.8254606999739327,0.8365172335920523
GSE1297__GSM21220,0,0.26704546901718423,0.40914059617150084,0.3532821803431771
GSE1297__GSM21221,0,0.13043636194302394,0.10832642600291087,0.14352757668226962
GSE1297__GSM21222,1,0.628142846559083,0.683963227211947,0.6000591011188663
GSE1297__GSM21223,1,0.8497892718555683,0.8068261560693859,0.8756553779156834
GSE1297__GSM21224,1,0.9238576420406615,0.8583941811853147,0.9092698192257354
GSE1297__GSM21225,1,0.6725599922668567,0.6749358346236111,0.7145537496466656
GSE1297__GSM21226,0,0.7480357881992143,0.7607964335348768,0.7166246341226514
GSE1297__GSM21227,1,0.7400775607884331,0.8175683583495589,0.7302645273021786
GSE1297__GSM21228,1,0.8111793885136511,0.7691124044852024,0.7578322764546124
GSE1297__GSM21229,1,0.30180261122456176,0.44371105868102956,0.33172511867530713
GSE1297__GSM21230,1,0.9769636346384634,0.9607563999273295,0.9746959539347368
GSE1297__GSM21231,0,0.6240089426662804,0.6691701429269893,0.5824422761678171
GSE1297__GSM21232,0,0.7178658904033037,0.8272539869581932,0.683385948503258
GSE1297__GSM21233,1,0.7686417237485632,0.75657000471085,0.7406970479821873
GSE33000__GSM1423780,1,0.6776072944514633,0.6789167710668279,0.6505820256914528
GSE33000__GSM1423781,1,0.40525677897429363,0.4944734200413741,0.3964909822578823
GSE33000__GSM1423782,1,0.0014094463623593697,0.062483752070654756,0.029902402145077372
GSE33000__GSM1423783,1,0.6890516412971961,0.46032260160563726,0.6581943454357204
GSE33000__GSM1423784,1,0.1432892313829138,0.305922342765142,0.15215864118666347
GSE33000__GSM1423785,1,0.9808558532027631,0.9519634917194222,0.9753359230731945
GSE33000__GSM1423786,1,0.9824440945185162,0.9395213433169669,0.9758728333824653
GSE33000__GSM1423787,1,0.9939518936373193,0.9959637797320285,0.9896094312040493
GSE33000__GSM1423788,1,0.47167602164026895,0.5633364722425732,0.4638749560673962
GSE33000__GSM1423789,1,0.621083661456794,0.8531326174442291,0.6889120804511769
GSE33000__GSM1423790,1,0.7384515148664104,0.7116631627743378,0.6918017066017507
GSE33000__GSM1423791,1,0.9758611294903375,0.9503484066978038,0.9592689042185751
GSE33000__GSM1423792,1,0.9755354033975345,0.9516089624240069,0.9705295882989222
GSE33000__GSM1423793,1,0.6987975622981801,0.715510959422969,0.6599152302387685
GSE33000__GSM1423794,1,0.9959855986243646,0.9953646422798429,0.9928242396854996
GSE33000__GSM1423795,1,0.9865204412648143,0.9501244178113994,0.9778630552891284
GSE33000__GSM1423796,1,0.6643065003214231,0.6813899010343706,0.7112710692278424
GSE33000__GSM1423797,1,0.5945947123365535,0.6237118235089736,0.5992140814485598
GSE33000__GSM1423798,1,0.8185111044963154,0.7557695333867062,0.8085398506582642
GSE33000__GSM1423799,1,0.9857057234951826,0.9792801751788729,0.9832949296785645
GSE33000__GSM1423800,1,0.9394328403037943,0.8580016742177952,0.9099885698086071
GSE33000__GSM1423801,1,0.9664204290875145,0.9211690173380672,0.9594056410073492
GSE33000__GSM1423802,1,0.9013667344008399,0.8371697106970507,0.8868795860581631
GSE33000__GSM1423803,1,0.5709679604453815,0.6270473676542297,0.5231890278593903
GSE33000__GSM1423804,1,0.9652612154897762,0.945514828563336,0.9646014041328705
GSE33000__GSM1423805,1,0.8305914165829074,0.785369174325229,0.7806760156879793
GSE33000__GSM1423806,1,0.9681150164467833,0.9792315334718943,0.9599320028489278
GSE33000__GSM1423807,1,0.967157632804447,0.9788295316761203,0.9622028078003293
GSE33000__GSM1423808,1,0.9861769438241038,0.9865364580304194,0.9809948799682765
GSE33000__GSM1423809,1,0.042188716738224094,0.10362311496099362,0.04734255330198654
GSE33000__GSM1423810,1,0.7444482430877538,0.8868506101166416,0.7138324209242252
GSE33000__GSM1423811,1,0.5606312472125284,0.5783775130096295,0.5204150807334239
GSE33000__GSM1423812,1,0.981089657205598,0.9887831259704587,0.9756373991185594
GSE33000__GSM1423813,1,0.9628685863972285,0.8683142379205943,0.9463666091348764
GSE33000__GSM1423814,1,0.5385645987284586,0.6114489858117796,0.5054040154569045
GSE33000__GSM1423815,1,0.6072062424593428,0.6399629541253145,0.5619257950904416
GSE33000__GSM1423816,1,0.7288317198793178,0.7326317298942505,0.6856386573560334
GSE33000__GSM1423817,1,0.7728542444698316,0.7229214968143115,0.7067707007096731
GSE33000__GSM1423818,1,0.936653960875597,0.8399666870349923,0.9114167214707578
GSE33000__GSM1423819,1,0.9860198939914206,0.9702735430303827,0.981473864530629
GSE33000__GSM1423820,1,0.9395132351627782,0.8660017655801422,0.9225091054605649
GSE33000__GSM1423821,1,0.9927001756701908,0.9765518152024861,0.9869418681421177
GSE33000__GSM1423822,1,0.10243499792041529,0.1231199660156584,0.09015518898317967
GSE33000__GSM1423823,1,0.9919426536145891,0.9959708403392112,0.992595867892992
GSE33000__GSM1423824,1,0.9876972217748777,0.9725020696060382,0.979890132530412
GSE33000__GSM1423825,1,0.10809761096477015,0.2886297459233145,0.19663868927988615
GSE33000__GSM1423826,1,0.9784870171892348,0.9784299826165858,0.9697668026993178
GSE33000__GSM1423827,1,0.9776285864642407,0.9830830218826793,0.9712156019149034
GSE33000__GSM1423828,1,0.9526423942243303,0.8615566415052904,0.9301988414202251
GSE33000__GSM1423829,1,0.8994087359337815,0.8156021599463209,0.8717882535070454
GSE33000__GSM1423830,1,0.1314219923141687,0.29231796695967444,0.12517222989046936
GSE33000__GSM1423831,1,0.9750913043598026,0.9582998039088361,0.9714012767712991
GSE33000__GSM1423832,1,0.9844898456377564,0.924533030576013,0.9729285017436785
GSE33000__GSM1423833,1,0.7043500856918165,0.701921593955702,0.6693477272374
GSE33000__GSM1423834,1,0.9856268791543307,0.984754498599662,0.9850389963620778
GSE33000__GSM1423835,1,0.81120064027536,0.884955464455397,0.7628875135170129
GSE33000__GSM1423836,1,0.9240314321587131,0.8377500978082786,0.8995019716832612
GSE33000__GSM1423837,1,0.9907581322617772,0.9744824415554897,0.9857324670958256
GSE33000__GSM1423838,1,0.7793036138790088,0.8489505975599662,0.7290934114541121
GSE33000__GSM1423839,1,0.9370449136686807,0.8352671474657422,0.9048453319523082
GSE33000__GSM1423840,1,0.7507853103250332,0.716121783049616,0.7688083176214522
GSE33000__GSM1423841,1,0.772910450402731,0.744546290726842,0.7335957664951062
GSE33000__GSM1423842,1,0.9860366711035115,0.9613040258257971,0.9810918851679803
GSE33000__GSM1423843,1,0.9018376862510706,0.8210674355515026,0.8861623457504297
GSE33000__GSM1423844,1,0.9683119425492166,0.9817901441995209,0.9637535566532952
GSE33000__GSM1423845,1,0.96098835846002,0.8820363868731591,0.9309836179488526
GSE33000__GSM1423846,1,0.6315582925544388,0.6452400464097564,0.6066223090592595
GSE33000__GSM1423847,1,0.96585529506658,0.9137202520225723,0.9551675481754256
GSE33000__GSM1423848,1,0.7004585799761124,0.6197163398042999,0.6726723052587891
GSE33000__GSM1423849,1,0.7863882159833233,0.7743810294405423,0.728361446789416
GSE33000__GSM1423850,1,0.9650907811851753,0.9066258971919329,0.9531155281860266
GSE33000__GSM1423851,1,0.9856762768341886,0.9572786875500537,0.9810194976086638
GSE33000__GSM1423852,1,0.8080880967194252,0.748062496026884,0.8053082804038432
GSE33000__GSM1423853,1,0.9905853146755564,0.9732365644266979,0.9842153576860776
GSE33000__GSM1423854,1,0.9928667055660001,0.9944067384193822,0.9911489520715863
GSE33000__GSM1423855,1,0.9676303996341702,0.9117345994615315,0.9570483516683265
GSE33000__GSM1423856,1,0.9872509702745269,0.9523497457354323,0.9803103980929881
GSE33000__GSM1423857,1,0.9936318374246393,0.9893371082131227,0.9865085621535303
GSE33000__GSM1423858,1,0.9928148038568154,0.9806225797864082,0.9666106317881876
GSE33000__GSM1423859,1,0.9953727617305618,0.9956599746442986,0.9894964051594382
GSE33000__GSM1423860,1,0.9824564732039077,0.9570565922028799,0.9693485062117644
GSE33000__GSM1423861,1,0.942506321193167,0.8528625587913553,0.9103052332949286
GSE33000__GSM1423862,1,0.3226437751160683,0.4177910357702002,0.3601872244474252
GSE33000__GSM1423863,1,0.7224608793560189,0.7131577019544623,0.7918367333204828
GSE33000__GSM1423864,1,0.690139164851429,0.68666581949739,0.7367498027908722
GSE33000__GSM1423865,1,0.9862320895121671,0.9418100557899253,0.9770244678380035
GSE33000__GSM1423866,1,0.9195436187482472,0.8682732602885582,0.8930359171198019
GSE33000__GSM1423867,1,0.19617065035149012,0.27617703784672587,0.25192317571965395
GSE33000__GSM1423868,1,0.9547313241382925,0.8818918048811879,0.937775335771405
GSE33000__GSM1423869,1,0.991166734675919,0.9955828011190612,0.9922751600825823
GSE33000__GSM1423870,1,0.9295010462853921,0.8631688807060726,0.9046484243786777
GSE33000__GSM1423871,1,0.9873516503367175,0.9319347326234064,0.9680615975386788
GSE33000__GSM1423872,1,0.9477409778032708,0.9698986995219973,0.9252508103879593
GSE33000__GSM1423873,1,0.7936003642896745,0.743532542876952,0.7915205054197731
GSE33000__GSM1423874,1,0.8888508775411841,0.8346202395235771,0.8655278696697234
GSE33000__GSM1423875,1,0.3732703291950469,0.49490925872139324,0.4980013069296299
GSE33000__GSM1423876,1,0.08855994773285766,0.2020850491597036,0.08984648207469093
GSE33000__GSM1423877,1,0.9308406778209725,0.9075830370891644,0.8959472668322842
GSE33000__GSM1423878,1,0.949907917662899,0.8829565072491907,0.933896057585768
GSE33000__GSM1423879,1,0.9844755367076916,0.9740545030167159,0.9812200520358555
GSE33000__GSM1423880,1,0.796591589246247,0.7577916141872878,0.7734196879000077
GSE33000__GSM1423881,1,0.7915905186757661,0.7788657703888613,0.7606633823046819
GSE33000__GSM1423882,1,0.7292474722139144,0.8838853091046076,0.7014460454443434
GSE33000__GSM1423883,1,0.705831265372781,0.791100521493474,0.6800426553678813
GSE33000__GSM1423884,1,0.12189427010017129,0.15247013287881994,0.12070515517945839
GSE33000__GSM1423885,1,0.987079364419216,0.9590889392060099,0.9817246176599722
GSE33000__GSM1423886,1,0.46803568456987504,0.5486051077558293,0.44911943559014134
GSE33000__GSM1423887,1,0.738356168108459,0.7003895496261392,0.653565637213191
GSE33000__GSM1423888,1,0.7438294554113747,0.8744907187315815,0.7094229689893342
GSE33000__GSM1423889,1,0.5749190759174496,0.6270743822979798,0.5415192958155968
GSE33000__GSM1423890,1,0.9676611853276443,0.9295522171384228,0.9590180994883545
GSE33000__GSM1423891,1,0.9999996922605995,0.9836355017195406,0.9936199337076049
GSE33000__GSM1423892,1,0.934602511738802,0.8768901809449402,0.9152965266295519
GSE33000__GSM1423893,1,0.7011290399698227,0.7127030096151058,0.6555021938353239
GSE33000__GSM1423894,1,0.9640723111833395,0.8629953593012741,0.9476076164535472
GSE33000__GSM1423895,1,0.9918378862876942,0.9536420076230544,0.9823447091453084
GSE33000__GSM1423896,1,0.9936572747452755,0.9861152785443928,0.9587452672436338
GSE33000__GSM1423897,1,0.9594422540379842,0.9792716495618689,0.9516438678282466
GSE33000__GSM1423898,1,0.9659951854755898,0.8932338160190336,0.9539599021975462
GSE33000__GSM1423899,1,0.7794497200368127,0.7418661112489467,0.7635199262181935
GSE33000__GSM1423900,1,0.8012582189342488,0.9060242288232137,0.7691894872191027
GSE33000__GSM1423901,1,0.8898910653102152,0.8239837409771322,0.8413202261781428
GSE33000__GSM1423902,1,0.9008595137824087,0.8887893695079319,0.8660875435505553
GSE33000__GSM1423903,1,0.9874075424713296,0.9477347302074307,0.975366402996559
GSE33000__GSM1423904,1,0.9440358391544685,0.8668037410207364,0.9118546586346484
GSE33000__GSM1423905,1,0.07798883185081162,0.04507656341132396,0.07745763900602001
GSE33000__GSM1423906,1,0.9704469067190655,0.9649569389680721,0.961574085676073
GSE33000__GSM1423907,1,0.9497686515100909,0.8973610036897446,0.923305662549977
GSE33000__GSM1423908,1,0.42994189233075797,0.5257447813067905,0.4233676790187812
GSE33000__GSM1423909,1,0.6504524529240028,0.49533424997611214,0.6455259958925597
GSE33000__GSM1423910,1,0.9411317799686509,0.8481985728176049,0.9155933332023485
GSE33000__GSM1423911,1,0.994036941291097,0.9905194175518286,0.9844756759594565
GSE33000__GSM1423912,1,0.9721474348661016,0.9661153206142122,0.9572348817424745
GSE33000__GSM1423913,1,0.9775239175535985,0.922243415901636,0.9644735129243621
GSE33000__GSM1423914,1,0.46770638047060525,0.5489037210825295,0.497873881765077
GSE33000__GSM1423915,1,0.8680598432039689,0.7909827540891675,0.8439224624963158
GSE33000__GSM1423916,1,0.9873927174641653,0.9826106316424527,0.9810116251176553
GSE33000__GSM1423917,1,0.9558954014046288,0.9390710154414065,0.9530968328804738
GSE33000__GSM1423918,1,0.9999999999999699,0.9652096034876841,0.9999999999956308
GSE33000__GSM1423919,1,0.7502912200483239,0.7514595020013575,0.7095506207142218
GSE33000__GSM1423920,1,0.3482226137084873,0.4829853099443396,0.29560960901315514
GSE33000__GSM1423921,1,0.9343898964352242,0.9666424143928386,0.9192430555747301
GSE33000__GSM1423922,1,0.9545468377156977,0.9701516987794143,0.8788673838449622
GSE33000__GSM1423923,1,0.8980777484051017,0.8271572750104164,0.8769464551759756
GSE33000__GSM1423924,1,0.7344844548420004,0.7176867633606271,0.7020503187924584
GSE33000__GSM1423925,1,0.2737865286221857,0.3724799483678621,0.2599515081198969
GSE33000__GSM1423926,1,0.9948996788303087,0.9661174026102399,0.9332185408048153
GSE33000__GSM1423927,1,0.9723224162019561,0.9069742769757023,0.9555806451640991
GSE33000__GSM1423928,1,0.9774619406389528,0.9869717009974514,0.9700071257905692
GSE33000__GSM1423929,1,0.9937847070514865,0.9580721013839253,0.958069006285951
GSE33000__GSM1423930,1,0.9849454247345697,0.9773487131821459,0.9795294610757891
GSE33000__GSM1423931,1,0.9732839375933595,0.985203163372681,0.9697755001511679
GSE33000__GSM1423932,1,0.807744395235012,0.7628015829442775,0.7391690164289013
GSE33000__GSM1423933,1,0.9999963677850279,0.9776366583833624,0.9784928380340453
GSE33000__GSM1423934,1,0.8876865326620258,0.8018666748933517,0.8503667250930038
GSE33000__GSM1423935,1,0.9047029005454506,0.8260363362152865,0.8842901493420724
GSE33000__GSM1423936,1,0.6962441376791024,0.7123303057945972,0.6765233612160956
GSE33000__GSM1423937,1,0.8661914400710619,0.8056837247277887,0.8271321509827392
GSE33000__GSM1423938,1,0.8172884031904769,0.7783937480274806,0.8494619106633623
GSE33000__GSM1423939,1,0.28035500686944614,0.40715980207937874,0.3181512832068264
GSE33000__GSM1423940,1,0.9738689913963179,0.9149851711018248,0.965722955784317
GSE33000__GSM1423941,1,0.6337591250410042,0.3532097548106942,0.6216523344051504
GSE33000__GSM1423942,1,0.8184930587633136,0.7592301476400287,0.7414000685096295
GSE33000__GSM1423943,1,0.7849906350853927,0.7645763944470462,0.7529543166097115
GSE33000__GSM1423944,1,0.10676798969685801,0.3926244229045534,0.3659692703224396
GSE33000__GSM1423945,1,0.9999929515171271,0.9877076320696171,0.9815103138008296
GSE33000__GSM1423946,1,0.8334233877421258,0.922535416967254,0.8456679271821089
GSE33000__GSM1423947,1,0.910789618745519,0.8500006936221345,0.8843875007198891
GSE33000__GSM1423948,1,0.97043021991554,0.8867711020183701,0.9593365643105723
GSE33000__GSM1423949,1,0.9856817849485722,0.9605206506847496,0.9712858523786713
GSE33000__GSM1423950,1,0.06782780808839009,0.04832001080107335,0.07592725159300492
GSE33000__GSM1423951,1,0.9934955087312612,0.9877425981167617,0.9856282855370193
GSE33000__GSM1423952,1,0.8926589645385936,0.830174839784014,0.862483370219169
GSE33000__GSM1423953,1,0.9999999998775208,0.9713997415614032,0.9990941953903258
GSE33000__GSM1423954,1,0.9926695676113305,0.9950216997199385,0.9926843828798393
GSE33000__GSM1423955,1,0.7701056317070595,0.898423958257033,0.7258610255113485
GSE33000__GSM1423956,1,0.9248532988552576,0.8592751147440957,0.9254844542666868
GSE33000__GSM1423957,1,0.9267883241626731,0.8508447674670964,0.9166954348372711
GSE33000__GSM1423958,1,0.933191076513077,0.8733169065280184,0.9219729917062628
GSE33000__GSM1423959,1,0.9952855413794304,0.9955258923484848,0.9923211862731177
GSE33000__GSM1423960,1,0.8771977096097672,0.8201638703189755,0.8319116167595999
GSE33000__GSM1423961,1,0.9625251390892007,0.9805095969915416,0.9583152373945536
GSE33000__GSM1423962,1,0.792337799089873,0.8491155708051982,0.7421538780441583
GSE33000__GSM1423963,1,0.6453844373602263,0.5085552193331634,0.6256700401450802
GSE33000__GSM1423964,1,0.8404592221702771,0.9138895615898668,0.7906082164147116
GSE33000__GSM1423965,1,0.9086499142485787,0.8195748245118666,0.8797185770785214
GSE33000__GSM1423966,1,0.7399548719219806,0.8754397831022112,0.7027603336981267
GSE33000__GSM1423967,1,0.673852610786963,0.6823735430989321,0.6428076350437927
GSE33000__GSM1423968,1,0.9583753547797179,0.889991447358275,0.9372383851928039
GSE33000__GSM1423969,1,0.99999436073279,0.9755322807205777,0.9934176305809752
GSE33000__GSM1423970,1,0.8853560891543228,0.8220245561679765,0.8718342374784942
GSE33000__GSM1423971,1,0.741460611108394,0.8275240402208962,0.70478069460702
GSE33000__GSM1423972,1,0.9579799410483189,0.9064068985743391,0.9427657709781496
GSE33000__GSM1423973,1,0.9173898037842523,0.8502772260895958,0.9051355091568997
GSE33000__GSM1423974,1,0.9942754790276485,0.9887390957074156,0.987491124327649
GSE33000__GSM1423975,1,0.9589718694633739,0.9064179954444569,0.9509276935507783
GSE33000__GSM1423976,1,0.597217936804076,0.6545000258285986,0.5543429620299039
GSE33000__GSM1423977,1,0.9527286156533008,0.957987595980576,0.9490033824965604
GSE33000__GSM1423978,1,0.982392772277193,0.9780922007720442,0.9644181994844109
GSE33000__GSM1423979,1,0.9020379333145379,0.8741751897050638,0.8835403218996646
GSE33000__GSM1423980,1,0.5514176044155148,0.6150399535491385,0.6202170398925506
GSE33000__GSM1423981,1,0.9374716954490239,0.9230370936183198,0.918571242263325
GSE33000__GSM1423982,1,0.9327958419229495,0.8513701190571058,0.9341281776624033
GSE33000__GSM1423983,1,0.9015822311377598,0.8482232787096496,0.8666191532711333
GSE33000__GSM1423984,1,0.9999999999999699,0.9632491178307041,0.9999999896617855
GSE33000__GSM1423985,1,0.9842007331852509,0.9728715302061341,0.9442815426763709
GSE33000__GSM1423986,1,0.992200605648984,0.9688366781033673,0.9843811566786889
GSE33000__GSM1423987,1,0.7808420931954863,0.7532000757542302,0.7517585947568847
GSE33000__GSM1423988,1,0.9653542663602663,0.9134406614928411,0.9569327601327382
GSE33000__GSM1423989,1,0.9919705516230708,0.9934708599670009,0.991149689460595
GSE33000__GSM1423990,1,0.9531093248171324,0.8970539277882152,0.9381814094100376
GSE33000__GSM1423991,1,0.9999941794295426,0.9999945647908058,0.9957428843779905
GSE33000__GSM1423992,1,0.946993039394877,0.9530463655841935,0.9012609899902703
GSE33000__GSM1423993,1,0.6983422266036572,0.7153527286885847,0.6682269923462906
GSE33000__GSM1423994,1,0.7171999806393762,0.8861532538939677,0.8093937270429613
GSE33000__GSM1423995,1,0.8538495991643145,0.7989847321637485,0.8406170198560918
GSE33000__GSM1423996,1,0.9859165189928792,0.9748649924700166,0.9766935429090393
GSE33000__GSM1423997,1,0.9082483763788847,0.8233811986576024,0.8683100383121696
GSE33000__GSM1423998,1,0.9608502036982475,0.899599636543451,0.9543015967287953
GSE33000__GSM1423999,1,0.9587331166470608,0.8778020162740235,0.943570690443351
GSE33000__GSM1424000,1,0.8343070364518079,0.769063726850365,0.8241045534558239
GSE33000__GSM1424001,1,0.9788716307521378,0.9179638277889146,0.9732203288056344
GSE33000__GSM1424002,1,0.9592152612074512,0.9781220237733561,0.9537283669571796
GSE33000__GSM1424003,1,0.9808356758188101,0.9460771940961094,0.969276580579716
GSE33000__GSM1424004,1,0.9066254086009383,0.8395408343460183,0.8685300968720646
GSE33000__GSM1424005,1,0.8921669915026225,0.8017606143552797,0.881205021240819
GSE33000__GSM1424006,1,0.8176120514840148,0.9264812301498478,0.8178541140140769
GSE33000__GSM1424007,1,0.9999942249253996,0.9841335480650747,0.9974953306348455
GSE33000__GSM1424008,1,0.6826529288844849,0.8551820530912172,0.8979128792534535
GSE33000__GSM1424009,1,0.4517278301970961,0.555842935301131,0.42661301016956077
GSE33000__GSM1424010,1,0.07903232183250072,0.045533472948719116,0.07282471475664948
GSE33000__GSM1424011,1,0.7088211445372332,0.8014336174985689,0.682648358647101
GSE33000__GSM1424012,1,0.7426435438968086,0.7309415840747006,0.7516751315790351
GSE33000__GSM1424013,1,0.8975276969007728,0.7978589453584043,0.8761198743181738
GSE33000__GSM1424014,1,0.9797984993474294,0.9606250246825603,0.9762335971889806
GSE33000__GSM1424015,1,0.8712470493126202,0.8001368598739996,0.8433304301410098
GSE33000__GSM1424016,1,0.9827617190902082,0.9863481058472324,0.9706950635229405
GSE33000__GSM1424017,1,0.9413054106644732,0.9553525447303638,0.8874797817150384
GSE33000__GSM1424018,1,0.9420573226732164,0.8447078589698641,0.9060045471107816
GSE33000__GSM1424019,1,0.9611324383317168,0.9799380884748449,0.9595339305843635
GSE33000__GSM1424020,1,0.9863267798222602,0.9547673463431234,0.9828355649304703
GSE33000__GSM1424021,1,0.9899510562293505,0.9892263649054409,0.9776639662418669
GSE33000__GSM1424022,1,0.995918367764095,0.9964003287716223,0.9906889764531164
GSE33000__GSM1424023,1,0.9302311524738959,0.8331078137916031,0.9168551603848882
GSE33000__GSM1424024,1,0.9489011003254738,0.8582010525650929,0.9261013821865716
GSE33000__GSM1424025,1,0.9652310346644459,0.9739251502412101,0.9141738247824913
GSE33000__GSM1424026,1,0.9849318283784915,0.9343082385420702,0.9801165939996087
GSE33000__GSM1424027,1,0.8152700662842375,0.751292958806867,0.7844854346899448
GSE33000__GSM1424028,1,0.8630154427898322,0.9195554734766502,0.8003255753034407
GSE33000__GSM1424029,1,0.8950645552292723,0.8093911097103672,0.8781685209453063
GSE33000__GSM1424030,1,0.9891136941352846,0.9819877344898386,0.9811246141812499
GSE33000__GSM1424031,1,0.9345689613867051,0.8780544758149625,0.9180493186782186
GSE33000__GSM1424032,1,0.9999999999999699,0.9630525704696374,0.9999999793579315
GSE33000__GSM1424033,1,0.9781540332507649,0.9666654783871848,0.9567858349732467
GSE33000__GSM1424034,1,0.9705155536890837,0.9789211431294778,0.8921938927637962
GSE33000__GSM1424035,1,0.9968606306918906,0.9955983179759476,0.9892010785973788
GSE33000__GSM1424036,1,0.9954652007419562,0.9955929413661151,0.9875795977514414
GSE33000__GSM1424037,1,0.9779478358927508,0.9797360754997744,0.9232459745318218
GSE33000__GSM1424038,1,0.9664630187108312,0.9690898482281173,0.9622729809722325
GSE33000__GSM1424039,1,0.9854387613169079,0.9435609690542422,0.9808873399565918
GSE33000__GSM1424040,1,0.9325192307030611,0.8698875394685789,0.8906105589199939
GSE33000__GSM1424041,1,0.9702613433027423,0.9826226700620762,0.9658982651022197
GSE33000__GSM1424042,1,0.9750068412687578,0.9273871886361972,0.9549361193351491
GSE33000__GSM1424043,1,0.839953365005465,0.7742428934469925,0.7943052053011166
GSE33000__GSM1424044,1,0.9686959119925964,0.9699146035571481,0.9649443455003549
GSE33000__GSM1424045,1,0.9086988493578386,0.8449412267729154,0.8910061432116849
GSE33000__GSM1424046,1,0.2660386939746251,0.40117837718650823,0.2688491918098173
GSE33000__GSM1424047,1,0.919047713191152,0.8542349505345387,0.9039947795592285
GSE33000__GSM1424048,1,0.9855874701040431,0.9465435663147369,0.9812856179600555
GSE33000__GSM1424049,1,0.9806827457035668,0.9498502522055148,0.9749723103996997
GSE33000__GSM1424050,1,0.42007814638944146,0.5097820177122115,0.4689841282436972
GSE33000__GSM1424051,1,0.9896589909128255,0.9941271674493285,0.9909842854491441
GSE33000__GSM1424052,1,0.9999989239720443,0.9650942225628563,0.9969343160522609
GSE33000__GSM1424053,1,0.9999977533532532,0.9671264464111252,0.9530080755749492
GSE33000__GSM1424054,1,0.9855562631329754,0.9628625489614965,0.9588363650732059
GSE33000__GSM1424055,1,0.9936924819803851,0.9962282985945604,0.9939877047148459
GSE33000__GSM1424056,1,0.787451216370563,0.7659294876966674,0.7601224829487034
GSE33000__GSM1424057,1,0.25063094097368704,0.3973172132275395,0.27246950121010455
GSE33000__GSM1424058,1,0.9783294655129736,0.9629189371429044,0.9645211761745205
GSE33000__GSM1424059,1,0.9130946856549379,0.8380541080891613,0.8494050203841697
GSE33000__GSM1424060,1,0.9891178973896259,0.9912671355450886,0.9793067594328931
GSE33000__GSM1424061,1,0.8395359274969595,0.7670225834609141,0.7809632709531334
GSE33000__GSM1424062,1,0.7693084184348605,0.9002239986607457,0.7216993223242005
GSE33000__GSM1424063,1,0.8288144423048229,0.7763821700758963,0.776059158976941
GSE33000__GSM1424064,1,0.3840169885544774,0.4934955430700613,0.3986346260108419
GSE33000__GSM1424065,1,0.4825585715488516,0.3591220673363098,0.46670470012152243
GSE33000__GSM1424066,1,0.8649794407855758,0.7812700151398272,0.8205544481306297
GSE33000__GSM1424067,1,0.9609545204643745,0.8559200889823416,0.9372167455241909
GSE33000__GSM1424068,1,0.618274111346859,0.6406126623327657,0.6254172755638971
GSE33000__GSM1424069,1,0.6648395608036505,0.7082931630432668,0.6136534147939287
GSE33000__GSM1424070,1,0.6442276298958816,0.6303463800032677,0.6433944606660371
GSE33000__GSM1424071,1,0.9600943915026189,0.9598851676307097,0.9004221398072865
GSE33000__GSM1424072,1,0.8607578528325084,0.7742841567835707,0.8215834777188225
GSE33000__GSM1424073,1,0.8021847118735753,0.8931780640589254,0.7642637967881477
GSE33000__GSM1424074,1,0.9072253980256922,0.8259055009382678,0.8778101743436639
GSE33000__GSM1424075,1,0.19946056643634258,0.3770177155201146,0.20819724465437117
GSE33000__GSM1424076,1,0.8518622796721692,0.9359676638350561,0.7998130849469335
GSE33000__GSM1424077,1,0.9709427968866366,0.9840269352118264,0.965861244198203
GSE33000__GSM1424078,1,0.5994841760449662,0.6286006009579519,0.6328752612575295
GSE33000__GSM1424079,1,0.6923734737893953,0.7433772286600046,0.6550705278477886
GSE33000__GSM1424080,1,0.9758068807692932,0.9118631344138374,0.9700650566653097
GSE33000__GSM1424081,1,0.8770848149243512,0.9440310994426407,0.8362159656066854
GSE33000__GSM1424082,1,0.9903645944135436,0.9813541388546309,0.9815397669294013
GSE33000__GSM1424083,1,0.8512385426711603,0.8042820656468592,0.7580825095184843
GSE33000__GSM1424084,1,0.9798111732676356,0.8972411332276234,0.9657154619378749
GSE33000__GSM1424085,1,0.7114831026384597,0.817685142271348,0.6805953664603843
GSE33000__GSM1424086,1,0.26657424951686687,0.4311868508113171,0.2661949112504521
GSE33000__GSM1424087,1,0.9496362727710499,0.8794819436922406,0.9373624854556823
GSE33000__GSM1424088,1,0.9871043764087271,0.961870504495637,0.982292263707589
GSE33000__GSM1424089,1,0.6667031152643347,0.66258719121527,0.6620585148904611
GSE33000__GSM1424090,0,0.3960712840554243,0.5012333059767387,0.4111472220922911
GSE33000__GSM1424091,0,0.0021890199457822927,0.03123466147466299,0.02892681335839173
GSE33000__GSM1424092,0,0.07753883355089913,0.2210818458242467,0.11227486485649818
GSE33000__GSM1424093,0,0.20714621741578051,0.3308898346599191,0.21721347217076628
GSE33000__GSM1424094,0,0.05814427373426536,0.0607396041815438,0.06580325839423197
GSE33000__GSM1424095,0,0.7124477605451491,0.7430170819184454,0.6818859662428023
GSE33000__GSM1424096,0,0.03372198328438219,0.0652920305461863,0.03653523590944664
GSE33000__GSM1424097,0,0.035409177186566616,0.02337106348841735,0.03427753790661041
GSE33000__GSM1424098,0,0.6529613157145892,0.5518181622597345,0.6613452226327283
GSE33000__GSM1424099,0,0.667293843125518,0.6811471823468653,0.6526551320073332
GSE33000__GSM1424100,0,0.8913135482400903,0.8152407208081369,0.8299556560579269
GSE33000__GSM1424101,0,0.1211566287406824,0.13960468614779012,0.11720612795144288
GSE33000__GSM1424102,0,0.080873345968734,0.04918503238540712,0.07510129665411414
GSE33000__GSM1424103,0,0.006798150762392376,0.1069767704716373,0.04327425601018742
GSE33000__GSM1424104,0,0.1256698885823856,0.08535082358833522,0.22397863338599128
GSE33000__GSM1424105,0,0.10678770293376702,0.2328127189190808,0.11939027386469839
GSE33000__GSM1424106,0,0.04384525875877157,0.05257702616689991,0.05922548994380474
GSE33000__GSM1424107,0,0.024895597017204188,0.037016338176495155,0.026844641885956616
GSE33000__GSM1424108,0,4.972041600305055e-07,0.039017729535782926,0.0005666066364980117
GSE33000__GSM1424109,0,0.7109346837790956,0.6900255151204812,0.7076534655138966
GSE33000__GSM1424110,0,0.06021457705143009,0.18330166026887165,0.06415743658688618
GSE33000__GSM1424111,0,0.0793074636835229,0.05854903075276014,0.08708348399731355
GSE33000__GSM1424112,0,0.019633145381097276,0.021410958849104985,0.022178076504425832
GSE33000__GSM1424113,0,0.8658275400431675,0.8103756186301005,0.8249696231594799
GSE33000__GSM1424114,0,0.06064195229912737,0.10807722925917436,0.091099903539126
GSE33000__GSM1424115,0,0.20764151394795877,0.29940093498455084,0.18681749194295305
GSE33000__GSM1424116,0,0.11066037461864348,0.057843897287078526,0.10021345930503285
GSE33000__GSM1424117,0,0.019099674408395596,0.01679550350742481,0.019940992115596134
GSE33000__GSM1424118,0,0.08665208011661209,0.06572113091474054,0.05726427649894326
GSE33000__GSM1424119,0,0.6501690723781236,0.5945850988715867,0.6477082218839312
GSE33000__GSM1424120,0,0.10391408165061725,0.12523552067764754,0.09448492906097161
GSE33000__GSM1424121,0,0.055484245721835204,0.054884647996222724,0.05751092525466149
GSE33000__GSM1424122,0,0.049679131179196125,0.031693904219206544,0.04551503773552962
GSE33000__GSM1424123,0,0.13609375655360026,0.2582498085734584,0.12198299279383011
GSE33000__GSM1424124,0,0.04826612967761414,0.028399718380443324,0.0349329651073807
GSE33000__GSM1424125,0,0.044464820118904805,0.09878685009252432,0.048360144791366674
GSE33000__GSM1424126,0,0.07765405299393802,0.1107189325321858,0.08049799870898393
GSE33000__GSM1424127,0,0.10237871544405025,0.1408368756355955,0.08620749884065868
GSE33000__GSM1424128,0,0.024755100896053126,0.019453359688665368,0.03248996606565131
GSE33000__GSM1424129,0,0.17342771450395,0.33060324621014486,0.21693863114609152
GSE33000__GSM1424130,0,0.07459995080324283,0.056130336425739634,0.06839240738516797
GSE33000__GSM1424131,0,0.11299884148869418,0.08923293229665814,0.23456892565999837
GSE33000__GSM1424132,0,0.1617833449185632,0.3238295225413598,0.21672277757976444
GSE33000__GSM1424133,0,0.06682548664746459,0.18254484758993803,0.07662759029931543
GSE33000__GSM1424134,0,0.047771222618170045,0.02995467939489888,0.03423534218035012
GSE33000__GSM1424135,0,0.029536491167984152,0.018869303567124036,0.035422318232210814
GSE33000__GSM1424136,0,0.24116706896555634,0.3511444973961629,0.25520159256867014
GSE33000__GSM1424137,0,0.015265901146963282,0.01167504870743974,0.014538620688176383
GSE33000__GSM1424138,0,0.2753309222618334,0.4085783884056831,0.2610805129500247
GSE33000__GSM1424139,0,0.040467428243189135,0.09760054226005743,0.045394074561494274
GSE33000__GSM1424140,0,0.001140708804047944,0.08229095820755322,0.010581525164659985
GSE33000__GSM1424141,0,0.05223286493337947,0.05579657116309228,0.07657578157360632
GSE33000__GSM1424142,0,0.08135173864909016,0.22198073539128502,0.08254109579774942
GSE33000__GSM1424143,0,0.09731084151496225,0.08244441760045172,0.09635721905777062
GSE33000__GSM1424144,0,0.07053232868608399,0.05637674608492587,0.06457645450934364
GSE33000__GSM1424145,0,0.6912032360983966,0.5004328312796228,0.663933462553983
GSE33000__GSM1424146,0,0.19964201042701674,0.3802442495241956,0.21137116226936276
GSE33000__GSM1424147,0,0.0006032347359621457,0.13511519944637476,0.10162718901538018
GSE33000__GSM1424148,0,0.05711715748706671,0.03459972828026119,0.04473467425299814
GSE33000__GSM1424149,0,0.2822052854078618,0.14963191310439614,0.38407659373189207
GSE33000__GSM1424150,0,0.0794187632703898,0.10093758669256762,0.07557801470014855
GSE33000__GSM1424151,0,0.013851086191622125,0.010224160824117612,0.02157879919250764
GSE33000__GSM1424152,0,0.35001086015973903,0.41663637171258955,0.33880835828417866
GSE33000__GSM1424153,0,0.13255098749493557,0.21452062238589398,0.1382449072476168
GSE33000__GSM1424154,0,0.6941273707182285,0.7517305398594801,0.6748704681846693
GSE33000__GSM1424155,0,0.017636074359188802,0.016527099835994298,0.018663453330874193
GSE33000__GSM1424156,0,0.0224619266423043,0.030476424307062544,0.02506225530223776
GSE33000__GSM1424157,0,0.06101078229486906,0.17798757077364888,0.06516289719581568
GSE33000__GSM1424158,0,0.07993897749334024,0.055292158306277185,0.0790301266634694
GSE33000__GSM1424159,0,0.02154076103929185,0.018044259319620153,0.02141173260512729
GSE33000__GSM1424160,0,0.04289197788153855,0.031952791005060814,0.05272149449527096
GSE33000__GSM1424161,0,0.8801936306113752,0.7909022130892819,0.8573728740141775
GSE33000__GSM1424162,0,0.07893613353931357,0.11209911676365751,0.14486515744694367
GSE33000__GSM1424163,0,0.14443741557794718,0.19530013677519684,0.12582480923670752
GSE33000__GSM1424164,0,0.3186369175910515,0.2080932197843175,0.2854781412422862
GSE33000__GSM1424165,0,0.04181821332058886,0.048578615962180514,0.05971657557114951
GSE33000__GSM1424166,0,0.08270166845843216,0.09784534117068576,0.08982264368686635
GSE33000__GSM1424167,0,0.4211869788370523,0.506463164618795,0.511226064742675
GSE33000__GSM1424168,0,0.09510525214278484,0.05013049092448188,0.08665865913587054
GSE33000__GSM1424169,0,0.16480109910796556,0.3223066893185815,0.16594098518604267
GSE33000__GSM1424170,0,0.42898449245096476,0.5333478215922801,0.4138831208203137
GSE33000__GSM1424171,0,0.02297482639294969,0.024633430050429367,0.02489265902377493
GSE33000__GSM1424172,0,0.35736517711083055,0.4879868173045711,0.32060034624601774
GSE33000__GSM1424173,0,0.7802556382262615,0.7447646928664583,0.7316518851121614
GSE33000__GSM1424174,0,0.2157046567756409,0.25347059546072215,0.18610737770660657
GSE33000__GSM1424175,0,0.09428457245402176,0.24775102243559013,0.10130484146595276
GSE33000__GSM1424176,0,0.014434890664904918,0.009434054815598928,0.014010682662884948
GSE33000__GSM1424177,0,0.0988502924267959,0.05354414130209359,0.09255048459709123
GSE33000__GSM1424178,0,0.03727436724759164,0.10024476554102972,0.043087916024474225
GSE33000__GSM1424179,0,0.1492655516376092,0.07866147664075536,0.15293444127769815
GSE33000__GSM1424180,0,0.05789502154325973,0.09176559500310034,0.07750010506404284
GSE33000__GSM1424181,0,0.06504213681978407,0.047287673400339826,0.05742156692993924
GSE33000__GSM1424182,0,0.03556160833199737,0.04510631676654909,0.0484705287291615
GSE33000__GSM1424183,0,0.016910950540137415,0.010422388974124,0.021320416793252354
GSE33000__GSM1424184,0,0.06514844900800967,0.1790816084073585,0.07390106749026247
GSE33000__GSM1424185,0,0.23466072422010142,0.4038407337604415,0.22421160591025768
GSE33000__GSM1424186,0,1.0000000994736041e-07,0.035962613889695814,4.527656811176744e-06
GSE33000__GSM1424187,0,0.10876259953914459,0.09943178866175147,0.09280592689449096
GSE33000__GSM1424188,0,0.005265508853864764,0.043286847781605846,0.03497391723634859
GSE33000__GSM1424189,0,0.0505055782415507,0.049568680144577555,0.0721466828774534
GSE33000__GSM1424190,0,0.10975736433858017,0.05982742264694942,0.10847784244962673
GSE33000__GSM1424191,0,0.041443533811637435,0.10294717618766126,0.04579814625248922
GSE33000__GSM1424192,0,0.13915857991325448,0.10122073649472126,0.09380868947192549
GSE33000__GSM1424193,0,0.0440904197076585,0.030178620846340393,0.047988625062202056
GSE33000__GSM1424194,0,0.29950142076734176,0.3872557673998345,0.2903134077391928
GSE33000__GSM1424195,0,0.6778751959251207,0.7618083983721017,0.6566199876842074
GSE33000__GSM1424196,0,0.29666939314753005,0.432917462838353,0.3999223169094875
GSE33000__GSM1424197,0,0.0777548889329111,0.049566675778327275,0.07729989645175031
GSE33000__GSM1424198,0,0.7380403447793875,0.8607442224869208,0.7709900553696275
GSE33000__GSM1424199,0,0.04435851682903764,0.028644393027712597,0.032249730589230655
GSE33000__GSM1424200,0,0.06933207533819535,0.07305403303786186,0.19455328226820198
GSE33000__GSM1424201,0,0.09006890565143758,0.10145575868690748,0.10881265347472398
GSE33000__GSM1424202,0,0.06494672464004711,0.06299011049294766,0.1737928877902703
GSE33000__GSM1424203,0,0.11414285330197325,0.2829591985959485,0.12105578384370035
GSE33000__GSM1424204,0,0.06809980769202807,0.0423788273374596,0.047202540761943496
GSE33000__GSM1424205,0,0.055192997782053915,0.07995472621712828,0.07248977591837057
GSE33000__GSM1424206,0,0.07001407765248362,0.0624299768906303,0.07053264967817585
GSE33000__GSM1424207,0,0.01913780430681993,0.015198374366136878,0.019059992407442695
GSE33000__GSM1424208,0,0.05201216660216545,0.04937521002791462,0.06463609507957616
GSE33000__GSM1424209,0,0.08366592565120898,0.2879969760863426,0.16408054189085644
GSE33000__GSM1424210,0,0.366826757364376,0.45239454837214543,0.36908308666735323
GSE33000__GSM1424211,0,0.9392020608315379,0.8776608414009645,0.9247934415999538
GSE33000__GSM1424212,0,0.02938729010221442,0.027480757819575014,0.04763280226827967
GSE33000__GSM1424213,0,0.951790544489997,0.8771715863125388,0.926215499662564
GSE33000__GSM1424214,0,0.19633768449620329,0.315822776275114,0.21712912672280713
GSE33000__GSM1424215,0,0.6860383154963071,0.5080818876223269,0.6601350976983562
GSE33000__GSM1424216,0,0.567818028067223,0.32159989946354756,0.5685463948909932
GSE33000__GSM1424217,0,0.7131525335762308,0.7757709843034424,0.7047338775233005
GSE33000__GSM1424218,0,0.6422822745819502,0.6550267945593883,0.5917153869064364
GSE33000__GSM1424219,0,0.6067958112758971,0.6734418413391406,0.5719529491142585
GSE33000__GSM1424220,0,0.8844717441706663,0.8032453311939968,0.897001508889437
GSE33000__GSM1424221,0,0.04723171064018183,0.1482077631524543,0.05742155585420441
GSE33000__GSM1424222,0,0.6913225769330311,0.7182819432209105,0.668061493355606
GSE33000__GSM1424223,0,0.09283731892976683,0.05152048806712831,0.08579214095384574
GSE33000__GSM1424224,0,0.01753024602862831,0.014925882901550808,0.018581752004690272
GSE33000__GSM1424225,0,0.18253308826229156,0.1316677671733394,0.14069689063281635
GSE33000__GSM1424226,0,0.0744008627678137,0.041086173236193006,0.06958120667109573
GSE33000__GSM1424227,0,0.14035987113061635,0.20916399285331452,0.14638422913988197
GSE33000__GSM1424228,0,0.06453071051896822,0.03960446127531757,0.051328476285456094
GSE33000__GSM1424229,0,0.18091610814646517,0.13741036144322677,0.13667852801858296
GSE33000__GSM1424230,0,0.04127669835368799,0.032518665519034255,0.039707911240054704
GSE33000__GSM1424231,0,0.005250932847588435,0.0737881867541083,0.06359517223865095
GSE33000__GSM1424232,0,0.13251831939932257,0.09432323746088951,0.1481048672685809
GSE33000__GSM1424233,0,0.3039188847495,0.20289745292561032,0.4237103776301369
GSE33000__GSM1424234,0,0.027300796257074655,0.05722435506557727,0.032455021576151245
GSE33000__GSM1424235,0,0.35788916696304507,0.4608964008798973,0.3440605451727826
GSE33000__GSM1424236,0,0.11145770244015459,0.059775682630576414,0.10218190839042603
GSE33000__GSM1424237,0,0.09006412881787196,0.24820011291218888,0.10148886517259958
GSE33000__GSM1424238,0,0.0011766765639458269,0.05084059486767319,0.03314365418300207
GSE33000__GSM1424239,0,0.061849842221926556,0.0380180321955214,0.044336071720894585
GSE33000__GSM1424240,0,0.028092592034772025,0.06393621698445469,0.03382513206166223
GSE33000__GSM1424241,0,0.006800248351990286,0.07931114942521342,0.035525869990849564
GSE33000__GSM1424242,0,0.02322143597570653,0.027711655844691246,0.02536715013733362
GSE33000__GSM1424243,0,0.13484916023124077,0.17367627839158087,0.11592904638608086
GSE33000__GSM1424244,0,0.1092878611575314,0.25383064542353173,0.11663474508383528
GSE33000__GSM1424245,0,0.06712395207131269,0.06944547912657188,0.06773770856001009
GSE33000__GSM1424246,0,0.0007828185093776037,0.06154287401577782,0.010213079613218263
GSE36980__GSM907792,1,0.8902097321533491,0.8029919122013437,0.8948557967067732
GSE36980__GSM907793,1,0.8876184820009443,0.9083556391224236,0.8082612584218154
GSE36980__GSM907794,1,0.9550823895668044,0.8984331981037683,0.9291890418970506
GSE36980__GSM907795,1,0.9147382241498838,0.8712171648206501,0.8948816729004501
GSE36980__GSM907796,1,0.9413870330270185,0.8699577595270412,0.9071793070176769
GSE36980__GSM907797,1,0.9999999887140695,0.9323936340207136,0.9822008774961617
GSE36980__GSM907798,1,0.9779997984931825,0.9348351352486345,0.9107751789224263
GSE36980__GSM907799,1,0.37802619636451734,0.4782895373106026,0.4277108661252769
GSE36980__GSM907800,1,0.7458747910158895,0.7266905058222588,0.7713482537727135
GSE36980__GSM907801,1,0.8254197198159835,0.7186172169175147,0.7942733624911665
GSE36980__GSM907802,1,0.8814968403803136,0.8296792755725764,0.8978758859564964
GSE36980__GSM907803,1,0.9254777492495674,0.8688655387430949,0.9012754149489899
GSE36980__GSM907804,1,0.6802457238868914,0.7117855241001873,0.6927601185236785
GSE36980__GSM907805,1,0.510033024178305,0.6052157703176949,0.5608711780202865
GSE36980__GSM907806,1,0.6621177654775866,0.6816278894187534,0.6629181551918091
GSE36980__GSM907807,0,0.8520810133070359,0.7922271634453133,0.797970530729543
GSE36980__GSM907808,0,0.7926761046578953,0.7584448731599706,0.7997170085056655
GSE36980__GSM907809,0,0.6008621338643939,0.6434570215298338,0.5480366266645047
GSE36980__GSM907810,0,0.8079055838678956,0.7749998000616447,0.7566342149345655
GSE36980__GSM907811,0,0.6531937705370596,0.5164403616200891,0.6300127770203552
GSE36980__GSM907812,0,0.588881821066415,0.6335308100024437,0.5840713880939894
GSE36980__GSM907813,0,0.08413270900521587,0.24029922492749892,0.08939368519545746
GSE36980__GSM907814,0,0.07825294748139737,0.07615511749771975,0.09425610082660806
GSE36980__GSM907815,0,0.43735425390734656,0.536921045748675,0.43936759677243575
GSE36980__GSM907816,0,0.14803264217304302,0.2928261407712149,0.1454952314749174
GSE36980__GSM907817,0,0.5872461921760954,0.644152787542713,0.5295263120781849
GSE36980__GSM907818,0,0.8745315200648531,0.8110255187487342,0.8266460878971434
GSE36980__GSM907819,0,0.9336270913376127,0.8759679916894272,0.8954947269017225
GSE36980__GSM907820,0,0.8415773911560498,0.8061646544795392,0.8463597099238201
GSE36980__GSM907821,0,0.6840058428986296,0.6944084574466265,0.7004497692768382
GSE36980__GSM907822,0,0.604577180124608,0.6614933290683008,0.6025394099883735
GSE36980__GSM907823,0,0.6889213879607011,0.7071586137176894,0.6720877551678524
GSE36980__GSM907824,0,0.469618385555008,0.5798405150177254,0.5021661393641095
GSE36980__GSM907825,1,0.9847616710382989,0.9811734033614514,0.9852707987269224
GSE36980__GSM907826,1,0.7744667753943814,0.7353883210753717,0.7290814488782696
GSE36980__GSM907827,1,0.9520218170021026,0.9297979156451796,0.9523821708302386
GSE36980__GSM907828,1,0.8538985820118487,0.8199145774444453,0.8314865901554775
GSE36980__GSM907829,1,0.9924319365540026,0.9304447231663971,0.9717551859331215
GSE36980__GSM907830,1,0.6890725874191539,0.666671414502109,0.6923436497011926
GSE36980__GSM907831,1,0.8990103299722294,0.8525057799761444,0.8957932006123851
GSE36980__GSM907832,1,0.5623601050735968,0.6080794496983184,0.5042136442561818
GSE36980__GSM907833,1,0.25552736074734955,0.4084143123778108,0.25493702378919025
GSE36980__GSM907834,1,0.8722574422906004,0.8601931619090104,0.8571754355555516
GSE36980__GSM907835,0,0.4696052248846346,0.5552955657715417,0.45640339966721993
GSE36980__GSM907836,0,0.09431875773740438,0.248202599791059,0.10435938159409633
GSE36980__GSM907837,0,0.22350349446402842,0.37912577478851905,0.23685579256791195
GSE36980__GSM907838,0,0.1451589991858737,0.10012880678762275,0.16090207138123258
GSE36980__GSM907839,0,0.059848381248060134,0.04895604929568995,0.07249793932400893
GSE36980__GSM907840,0,0.10616416778565002,0.06501495039915778,0.09746682056748732
GSE36980__GSM907841,0,0.27517443434608047,0.44882976091409454,0.30879072260803336
GSE36980__GSM907842,0,0.3059636719292947,0.4121565090491166,0.31647525770421303
GSE36980__GSM907843,0,0.24719647269666292,0.334684687897993,0.22032542776413228
GSE36980__GSM907844,0,0.17374416887785588,0.36667773531611353,0.19396927828439742
GSE36980__GSM907845,0,0.7215329731799779,0.6934959948587031,0.662639135635698
GSE36980__GSM907846,0,0.8301733075842417,0.7941045515502654,0.7800889396164876
GSE36980__GSM907847,0,0.5696493138294448,0.4687484815416781,0.5860564116058851
GSE36980__GSM907848,0,0.5697398492553327,0.5901430355798977,0.6381207563382789
GSE36980__GSM907849,0,0.31018994408142725,0.4282837691176526,0.4058519581438872
GSE36980__GSM907850,0,0.2697554826459691,0.4206798587467068,0.283775499466666
GSE36980__GSM907851,0,0.6638575062956527,0.6681062454432484,0.6009509018511894
GSE36980__GSM907852,0,0.274029233656561,0.4034727628332396,0.3719917018378364
GSE36980__GSM907853,0,0.3169549892563326,0.44255546356468956,0.42023481698059556
GSE36980__GSM907854,1,0.9664808235019164,0.9369985748786448,0.9250231603649903
GSE36980__GSM907855,1,0.9164373946970851,0.8929135006794336,0.9308898877604175
GSE36980__GSM907856,1,0.9151620337724714,0.9501414607160198,0.9064312870515098
GSE36980__GSM907857,1,0.9522105757786578,0.9740259533996923,0.9733299066594505
GSE36980__GSM907858,1,0.9915507855456746,0.6974637680759389,0.8804622699534732
GSE36980__GSM907859,1,0.7267828945089031,0.7234891408230185,0.692233002712723
GSE36980__GSM907860,1,0.8827032305624983,0.8143775380090549,0.8036809959465436
GSE36980__GSM907861,0,0.6508518278977364,0.7002856435496153,0.5992559349284182
GSE36980__GSM907862,0,0.1137824282100787,0.304280818084322,0.30524547514478095
GSE36980__GSM907863,0,0.269443591330833,0.38990661260678156,0.27447275884656097
GSE36980__GSM907864,0,0.2408873662839261,0.1613518470053401,0.2212860100376859
GSE36980__GSM907865,0,0.031973293383219435,0.02944422271801633,0.07466387703449062
GSE36980__GSM907866,0,0.8089241965720441,0.7972492786732096,0.8039412217969527
GSE36980__GSM907867,0,0.7202188353516703,0.5383602416772861,0.6807558476690735
GSE36980__GSM907868,0,0.6326029959645288,0.5764175794511811,0.6229177079370097
GSE36980__GSM907869,0,0.7400942511070125,0.8329340972473699,0.7050901796679722
GSE36980__GSM907870,0,0.7186532442135088,0.7209198773295286,0.7449503472500022
GSE36980__GSM4764672,1,0.334951121578723,0.6508118451035887,0.5243288808589037
GSE5281__GSM119615,0,0.8599402563116451,0.8072623767844158,0.8176361018582374
GSE5281__GSM119616,0,0.35029404611590303,0.4334144692433506,0.322265941039677
GSE5281__GSM119617,0,0.17620435180912766,0.35246472084209834,0.2744779686670268
GSE5281__GSM119618,0,0.648118678738024,0.5349555029857348,0.6640875496412036
GSE5281__GSM119619,0,0.020482203267596255,0.022097159165673935,0.05395715262979748
GSE5281__GSM119620,0,0.22726536668045508,0.17544229724738372,0.3242616019763588
GSE5281__GSM119621,0,0.5,0.4247659241084893,0.5526747739945991
GSE5281__GSM119622,0,0.04750753222317952,0.03586935454587344,0.04201470212701913
GSE5281__GSM119623,0,0.12660693228946118,0.18180953768686833,0.17923624518146722
GSE5281__GSM119624,0,0.19964156813902306,0.18980782645256356,0.21569199769258854
GSE5281__GSM119625,0,0.22461118549640152,0.2885547034254871,0.2068796664284366
GSE5281__GSM119626,0,0.099390462363457,0.24697284532415265,0.12980447657890054
GSE5281__GSM119627,0,0.06486056105848832,0.1540612252469454,0.13061577168161748
GSE5281__GSM119628,0,0.4576687997988624,0.46373395892439223,0.42507024147516936
GSE5281__GSM119629,0,0.1696106524219499,0.31571484180145876,0.23057762513481433
GSE5281__GSM119630,0,0.846594014162468,0.8190960519941993,0.8126714242096152
GSE5281__GSM119631,0,0.16971449257811644,0.24172889955178545,0.30617153428661226
GSE5281__GSM119632,0,0.11091965147232118,0.23143103424250822,0.11570271178440754
GSE5281__GSM119633,0,0.3058407005711686,0.41726159494559406,0.3560547414831879
GSE5281__GSM119634,0,0.24685678428673594,0.3904548623662761,0.2715212283196443
GSE5281__GSM119635,0,0.11929747702193874,0.2750503620166152,0.23988015171634175
GSE5281__GSM119636,0,0.127561269381749,0.31161982171225644,0.1296661567133198
GSE5281__GSM119637,0,0.09065040814320495,0.21613314584986484,0.09091569614208275
GSE5281__GSM119638,0,0.09425449460367741,0.26616675335981277,0.09657978862860042
GSE5281__GSM119639,0,0.0881419288977499,0.23655100357807538,0.15968254672874066
GSE5281__GSM119640,0,0.19675883317003864,0.22654717895690366,0.27853967973288263
GSE5281__GSM119641,0,0.12673135288311482,0.2474547532196402,0.14006719858881572
GSE5281__GSM119642,0,0.07131524060740353,0.19329452257442511,0.12255642175553458
GSE5281__GSM119643,0,0.4748167361626091,0.5636637801792637,0.6964116233265953
GSE5281__GSM119644,0,0.053503364139690604,0.07123823691817024,0.058665042332093034
GSE5281__GSM119645,0,0.19304644585041242,0.3667041543758372,0.22896711716410562
GSE5281__GSM119646,0,0.07412057877406582,0.10934779177612314,0.07030065290583083
GSE5281__GSM119647,0,0.04262492548707355,0.04141733733626054,0.06074693462854138
GSE5281__GSM119648,0,0.14785585319901876,0.1882840719879573,0.12454026009821066
GSE5281__GSM119649,0,2.655873809849215e-06,0.12823213012451004,0.03687889939400064
GSE5281__GSM119650,0,0.10890052200772188,0.20371127271356912,0.11108010358578875
GSE5281__GSM119651,0,0.6185594363303301,0.40499030216909065,0.6044598228793021
GSE5281__GSM119652,0,0.053425480956847,0.0684985545730286,0.16779787853952316
GSE5281__GSM119653,0,0.24483210933632418,0.3356190199816791,0.2554951136854874
GSE5281__GSM119654,0,0.11479333484935286,0.10217503984657887,0.23653060823144972
GSE5281__GSM119655,0,0.5,0.3548727365765714,0.5553288482338397
GSE5281__GSM119656,0,0.14419456588536111,0.2658241327587048,0.15707481562260708
GSE5281__GSM119657,0,0.6210728843899062,0.6229702239601687,0.6132456313842596
GSE5281__GSM119658,0,0.6929959376539717,0.44832280031185,0.6615381626158287
GSE5281__GSM119659,0,0.0771357877397944,0.06164907937416212,0.07850978556437224
GSE5281__GSM119660,0,0.07653958479301798,0.19403010849092847,0.07912591436666341
GSE5281__GSM119661,0,0.568257227501281,0.6206854521387322,0.6144446695206188
GSE5281__GSM119662,0,0.29938713268288225,0.43439060722699924,0.2825379771789635
GSE5281__GSM119663,0,0.08450489177230108,0.18619151031549386,0.08923278572988498
GSE5281__GSM119664,0,0.29521180698013766,0.43469177372438533,0.4192070559228152
GSE5281__GSM119665,0,0.0070417395529387165,0.03666619643345973,0.09108814647413618
GSE5281__GSM119666,0,0.4201182937000004,0.5523544340041121,0.4646515321240896
GSE5281__GSM119667,0,0.059925019166299824,0.11063106850859554,0.11075737299942987
GSE5281__GSM119668,0,0.5,0.5490783361612791,0.45373969848397105
GSE5281__GSM119669,0,0.25198260472468065,0.3928094969488047,0.33521700236103824
GSE5281__GSM119670,0,0.06428274311109135,0.04313374771403885,0.07437623635365713
GSE5281__GSM119671,0,0.04535951535519182,0.030945844232163483,0.04734469940133541
GSE5281__GSM119672,0,0.13350479953930855,0.08193126111749534,0.19594339742946523
GSE5281__GSM119673,0,0.054009670007181786,0.045046020357038925,0.051215690903522904
GSE5281__GSM119674,0,0.109395357524618,0.07481217918554413,0.09588598841924087
GSE5281__GSM119675,0,0.2745314413396064,0.40822551388502276,0.35219782677206934
GSE5281__GSM119676,0,0.027346081344191774,0.3332453015884249,0.18644979523698632
GSE5281__GSM119677,0,0.8183383535620091,0.7887595361390732,0.7889578375172074
GSE5281__GSM119678,0,0.9107517259302731,0.8199436803538548,0.8497401489907868
GSE5281__GSM119679,0,0.14847002143869506,0.21907696141615296,0.13810334969286414
GSE5281__GSM119680,0,0.9614158716513118,0.8863673699430829,0.9557286979630358
GSE5281__GSM119681,0,0.871102572515203,0.8324697055528788,0.800044342112088
GSE5281__GSM119682,0,0.24463186528251157,0.3791272624201598,0.2695776460430629
GSE5281__GSM119683,0,0.4569002203716118,0.529648350848214,0.4271425200002514
GSE5281__GSM119684,0,0.3735697099735221,0.4736467327149973,0.41407998751754826
GSE5281__GSM119685,0,0.7940088097099502,0.7467629624492723,0.7187709164683849
GSE5281__GSM119686,0,0.3031871118676764,0.43659107170682243,0.385782064395606
GSE5281__GSM119687,0,0.9080556611709079,0.848072916002593,0.8290096613987951
GSE5281__GSM119688,0,0.5356988938381939,0.46525828873533587,0.5308431258994715
GSE5281__GSM238763,1,0.926557784258194,0.9169733621979924,0.9213742715722286
GSE5281__GSM238790,1,0.6247708223349415,0.4958110506677625,0.6236688435772825
GSE5281__GSM238791,1,0.9462205610846304,0.9356006807019336,0.9409694736483184
GSE5281__GSM238792,1,0.9472472667457448,0.8972940023414572,0.9396951300981005
GSE5281__GSM238793,1,0.969078310187268,0.8887580034628314,0.9454341850727838
GSE5281__GSM238794,1,0.8861700091513135,0.8178245063768211,0.888418717308198
GSE5281__GSM238795,1,0.7217123755461824,0.7751075984099604,0.6962265430043069
GSE5281__GSM238796,1,0.929081795800074,0.9372852455141678,0.8831688885263758
GSE5281__GSM238797,1,0.9820405000880748,0.9348889010868647,0.955486396706096
GSE5281__GSM238798,1,0.9768868005855299,0.9430118443867141,0.9718017464991113
GSE5281__GSM238799,1,0.6249110815993596,0.6405330601047892,0.646600681325953
GSE5281__GSM238800,1,0.7658511773637783,0.6765454861657617,0.7077171264254745
GSE5281__GSM238801,1,0.8729766372086775,0.8072706980562584,0.8694320209690334
GSE5281__GSM238802,1,0.625588112039314,0.5059091580863829,0.6035170807754088
GSE5281__GSM238803,1,0.9780630243870847,0.9062349764723162,0.9573331532789636
GSE5281__GSM238804,1,0.7659387900060209,0.7653830093444157,0.7329258413348224
GSE5281__GSM238805,1,0.8060249141420197,0.7857521317553401,0.7764484828827987
GSE5281__GSM238806,1,0.5694663765346779,0.6435642725090588,0.5472242363519363
GSE5281__GSM238807,1,0.32089892813909376,0.4589619256331041,0.33858620752440005
GSE5281__GSM238808,1,0.9218767269002032,0.8768966595503187,0.9029091590712953
GSE5281__GSM238809,1,0.8364432745503991,0.89348927679155,0.8289966411048809
GSE5281__GSM238810,1,0.9889966810192938,0.9922468692423707,0.990254730392276
GSE5281__GSM238811,1,0.8569983119363472,0.8818107325712514,0.7906639242457353
GSE5281__GSM238812,1,0.9351333654361735,0.9249750347272668,0.9299349863380222
GSE5281__GSM238813,1,0.8677324026691178,0.8204310551902149,0.8713561197285211
GSE5281__GSM238815,1,0.982973549558483,0.9853480837719243,0.982450167482337
GSE5281__GSM238816,1,0.97351640844766,0.9512379868417301,0.9645400375626852
GSE5281__GSM238817,1,0.920790073713814,0.8648174611886338,0.8927676104210784
GSE5281__GSM238818,1,0.7320301523054161,0.7040041454449333,0.6997701455970906
GSE5281__GSM238819,1,0.8585891053081902,0.9013219729183236,0.8591350621591347
GSE5281__GSM238820,1,0.971013174984686,0.9149842980381687,0.9007017919901699
GSE5281__GSM238821,1,0.9780714386859577,0.9327998805082675,0.9724658952942289
GSE5281__GSM238822,1,0.9579576963553198,0.9704261969892712,0.9743239710765528
GSE5281__GSM238823,1,0.9780564292246252,0.9566764882068334,0.9685791153675357
GSE5281__GSM238824,1,0.9156242813525227,0.9349776501481403,0.9021757532963111
GSE5281__GSM238825,1,0.8676355818971587,0.9155355047217043,0.9492825172902861
GSE5281__GSM238826,1,0.988621927015461,0.929546997084853,0.9585552733876291
GSE5281__GSM238827,1,0.9217805822668351,0.8475379819337719,0.9145115193399018
GSE5281__GSM238834,1,0.9193444061851433,0.9014258796866682,0.9002456308647886
GSE5281__GSM238835,1,0.7420913909056351,0.7277180842308714,0.6396345903032967
GSE5281__GSM238837,1,0.8840373351959698,0.899551708302604,0.8748122346276281
GSE5281__GSM238838,1,0.5554846285560171,0.5993062386463648,0.5528395396751294
GSE5281__GSM238839,1,0.9548004075999208,0.8995605785424856,0.9312178958613222
GSE5281__GSM238840,1,0.9492540146892384,0.9498415159026014,0.8838326511073662
GSE5281__GSM238841,1,0.8139343516664506,0.7754956701397396,0.8119171942819063
GSE5281__GSM238842,1,0.944993347358157,0.8533768190731217,0.9321184431443108
GSE5281__GSM238843,1,0.900189498031933,0.8283263571540372,0.8704921536032348
GSE5281__GSM238844,1,0.83303100434767,0.8360343055863818,0.9007766862688653
GSE5281__GSM238845,1,0.6829913804743034,0.7329298925467654,0.6697589240028043
GSE5281__GSM238846,1,0.9329414263865314,0.8673498248016632,0.9068808524650276
GSE5281__GSM238847,1,0.7233703939345496,0.851629621550841,0.6940449106747505
GSE5281__GSM238848,1,0.9766177461689645,0.9377569923110048,0.9473334736723812
GSE5281__GSM238851,1,0.9613265976601918,0.9164347609169076,0.9503578766073536
GSE5281__GSM238854,1,0.678172020541611,0.6875648793066444,0.6542738786493616
GSE5281__GSM238855,1,0.9877401889285093,0.992399491758028,0.9726306010263667
GSE5281__GSM238856,1,0.9091357679941401,0.9550405884812952,0.8860636516137295
GSE5281__GSM238857,1,0.7005277936040274,0.7963207120826056,0.67613092751235
GSE5281__GSM238858,1,0.9513666864832231,0.8966216680803699,0.9395848774507544
GSE5281__GSM238860,1,0.8588956956636492,0.7839130254692428,0.8532151557376674
GSE5281__GSM238861,1,0.9825465321919212,0.9321370100611078,0.9641060975858078
GSE5281__GSM238862,1,0.9621240242750001,0.8917592891278586,0.9403115944743968
GSE5281__GSM238863,1,0.7227049405206186,0.8245429390326066,0.6901808014896602
GSE5281__GSM238864,1,0.7463400541646295,0.7151367284132121,0.67996608052685
GSE5281__GSM238865,1,0.9846946200824765,0.9071083550127419,0.957645910134446
GSE5281__GSM238867,1,0.9571306600591485,0.9771851786583494,0.9531666962377303
GSE5281__GSM238868,1,0.9664105914172634,0.9200765347667391,0.9502249253197764
GSE5281__GSM238870,1,0.8965080840007479,0.9428468509211455,0.8332363970982142
GSE5281__GSM238871,1,0.9317221925565035,0.8959062528914953,0.9142086445457199
GSE5281__GSM238872,1,0.9690285822799641,0.8959037789750354,0.9456620703305143
GSE5281__GSM238873,1,0.8110612654844768,0.7907320964117087,0.8554320387396901
GSE5281__GSM238874,1,0.36238791520872493,0.49049405967561205,0.5170747820781147
GSE5281__GSM238875,1,0.9312944554680294,0.8575267291936167,0.9343108467444307
GSE5281__GSM238877,1,0.4755804014938488,0.5769303303868957,0.6662437213159909
GSE5281__GSM238941,1,0.8868154367334965,0.93839929574962,0.8820993189250037
GSE5281__GSM238942,1,0.8612718443282062,0.8236652265310113,0.8414602709729847
GSE5281__GSM238943,1,0.8643400572441514,0.8817485905363913,0.863859997274065
GSE5281__GSM238944,1,0.8497312528577703,0.8611369116672464,0.8736373289418682
GSE5281__GSM238945,1,0.549439435248718,0.6078611876470396,0.6112224415481985
GSE5281__GSM238946,1,0.9181066231839655,0.8324330433621068,0.9043425093294566
GSE5281__GSM238947,1,0.9832854764678675,0.976613348472705,0.9819537933700616
GSE5281__GSM238948,1,0.8886306405746142,0.9420343867865242,0.8427627677489617
GSE5281__GSM238949,1,0.9776298180166089,0.9525613861666024,0.9711699666775013
GSE5281__GSM238951,1,0.663252847119336,0.6764740303943553,0.6933501278679828
GSE5281__GSM238952,1,0.9999899973430156,0.9429511807595516,0.9821092586977029
GSE5281__GSM238953,1,0.7150949585109524,0.7129978107748353,0.7303638421471952
GSE5281__GSM238955,1,0.9515783807492967,0.9690200197010391,0.9415542167702059
GSE5281__GSM238963,1,0.9782832032249579,0.9793564438341867,0.9652689795379963
